IOP Date,Seeding Start Time (UTC),Domain-IOP,Seeding Site ID,Seeding Mission,Drone (EL-###),Temperature (C),Relative Humidity (%),Altitude (m MSL),Air Pressure (mbar),Seeding Duration (sec),AgI Dispersed (grams),Seeding Dispersion Rate (g/min),Wind-Advected Strafing Length (m),Line Density Dispersion Rate (mg/m/s),Estimated Cloud Base (m MSL),Estimated Cloud Depth (m),Closest Sounding Wind Speed (m/s),Closest Sounding Wind Direction (deg from N),Sounding dt from Seeding Start (min),Sounding dt from Seeding End (min),Sounding-Seeding Distance at Alt (km),Sounding Brunt - Väisälä Frequency N (rad/s),Sounding Bulk Richardson Number,Median Drone Wind Speed during seeding  (m/s),Median Drone Wind Direction during seeding (deg from N),Standard Deviation of Drone Wind Speed during seeding (m/s),Standard Deviation of Drone Wind Direction during seeding (deg),Seeding Signature Observed,Signature Start Time UTC,Signature End Time UTC,Time to Initial Detection (min),Time to Peak Reflectivity (min),Time to Peak Area-Intensity Proxy (min),Time to Peak Area (min),Signature Lifetime (min),Peak Reflectivity (dBZ),Peak Area > 0 dBZ (km^2),Peak Area-Intensity Proxy,Peak Reflectivity Time UTC,Peak Area-Intensity Proxy Time UTC,Peak Area Time UTC,Farthest Downwind Distance (km),Crosswind Spread at Peak Area (km),Centroid Distance at Peak Area (km),Mean Motion Direction (deg),Mean Motion Speed (m/s),Radar Analysis Writeup Link
1/22/2026,19:25:33,PDT-024,Butter,1,EL-051,-8.5,86.2,1468.3,850.5,480,19.7,2.46,179.5,0.23,913,555.3,1.49,113.6,35.3,25.3,1.877,0.011,5.375,6.84,126.2,0.56,7.5,TRUE,2026-01-22T19:51:25Z,2026-01-22T20:43:27Z,25.867,43.283,52.067,60.833,52.033,14.5,3.258,0.262096,2026-01-22T20:08:50Z,2026-01-22T20:17:37Z,2026-01-22T20:26:23Z,5.47,3.942,2.03,211.0,1.46,PDT-024/025 MEGA OPS Full Report
1/22/2026,20:06:28,PDT-024,Butter,2,EL-051,-8.4,88.6,1435.2,853.7,480,19.7,2.46,44.3,0.93,923,512.2,1.55,108.6,-5.6,-15.6,1.908,0.0109,4.351,5.66,147.8,0.87,2.8,TRUE,2026-01-22T20:26:23Z,2026-01-22T21:33:53Z,19.917,36.983,36.983,36.983,67.5,20.5,5.352,0.707107,2026-01-22T20:43:27Z,2026-01-22T20:43:27Z,2026-01-22T20:43:27Z,3.838,3.135,0.743,218.5,0.93,PDT-024/025 MEGA OPS Full Report
1/22/2026,20:43:57,PDT-024,Butter,3,EL-051,-7.8,88,1435.9,853.8,480,19.7,2.46,61.3,0.67,923,512.9,0.49,103.7,13.1,3.1,8.934,0.032,10.626,6.48,140.2,1.16,16,TRUE,2026-01-22T20:51:53Z,2026-01-22T21:33:53Z,7.933,24.817,33.167,41.5,42.0,18.0,3.413,0.308839,2026-01-22T21:08:46Z,2026-01-22T21:17:07Z,2026-01-22T21:25:27Z,1.924,3.63,1.312,118.2,0.72,PDT-024/025 MEGA OPS Full Report
1/22/2026,21:18:22,PDT-024,Butter,4,EL-051,-7.9,87.9,1445,852.4,480,19.7,2.46,39.9,1.03,966.3,478.7,0.51,113.3,-21.3,-31.3,8.986,0.0324,10.27,4.01,116.3,0.83,9.5,TRUE,2026-01-22T21:33:53Z,2026-01-22T22:40:47Z,15.517,40.65,49.083,49.083,66.9,17.5,7.049,0.564574,2026-01-22T21:59:01Z,2026-01-22T22:07:27Z,2026-01-22T22:07:27Z,4.213,3.984,2.187,201.3,0.83,PDT-024/025 MEGA OPS Full Report
1/23/2026,00:21:15,PDT-024,Butter,5,EL-051,-8.3,91.7,1393,858.4,480,19.7,2.46,36.7,1.12,929.7,463.3,4.51,22,25.7,15.7,8.244,0.0263,1.649,6.29,155.9,0.21,4.3,TRUE,2026-01-23T00:39:19Z,2026-01-23T01:38:00Z,18.067,26.4,34.85,60.083,58.683,17.5,6.46,0.55607,2026-01-23T00:47:39Z,2026-01-23T00:56:06Z,2026-01-23T01:21:20Z,9.298,3.29,5.53,131.8,2.42,PDT-024/025 MEGA OPS Full Report
1/23/2026,22:16:35,PDT-025,Butter,2,EL-051,-12.5,88,1962.7,799.4,480,19.7,2.46,391.9,0.1,1003,959.7,4.81,48.4,16.4,6.4,7.807,0.0314,9.761,8.61,73.7,1.12,3.6,TRUE,2026-01-23T22:28:53Z,2026-01-24T00:49:23Z,12.3,20.933,29.583,55.65,140.5,26.0,31.436,5.209334,2026-01-23T22:37:31Z,2026-01-23T22:46:10Z,2026-01-23T23:12:14Z,30.116,14.284,11.328,252.9,2.88,PDT-024/025 MEGA OPS Full Report
1/23/2026,22:16:44,PDT-025,Butter,3,EL-054,-12.2,89.7,1941.1,802.4,480,19.7,2.46,393.2,0.1,1006.3,934.8,4.09,46.9,16.3,6.3,6.97,0.0305,9.642,7.97,65.9,2.12,6.2,TRUE,2026-01-23T22:28:53Z,2026-01-24T00:49:23Z,12.15,20.783,29.433,55.5,140.5,26.0,31.436,5.209334,2026-01-23T22:37:31Z,2026-01-23T22:46:10Z,2026-01-23T23:12:14Z,30.116,14.284,11.328,252.9,2.88,PDT-024/025 MEGA OPS Full Report
1/23/2026,22:16:56,PDT-025,Butter,1,EL-038,-12.2,87.8,1939.8,802.8,480,19.7,2.46,398.5,0.1,1006.3,933.5,4.11,46.6,16.1,6.1,8.701,0.0305,9.642,7.55,74.8,0.36,7,TRUE,2026-01-23T22:28:53Z,2026-01-24T00:49:23Z,11.95,20.583,29.233,55.3,140.5,26.0,31.436,5.209334,2026-01-23T22:37:31Z,2026-01-23T22:46:10Z,2026-01-23T23:12:14Z,30.116,14.284,11.328,252.9,2.88,PDT-024/025 MEGA OPS Full Report
1/23/2026,23:32:17,PDT-025,Butter,5,EL-051,-12.5,88.7,1948.1,801.7,480,19.7,2.46,379.6,0.11,936.3,1011.8,5.58,44.1,22.2,12.2,9.27,0.0322,14.742,6.87,105.2,0.41,10.2,TRUE,2026-01-23T23:39:26Z,2026-01-24T01:41:46Z,7.15,24.7,33.483,59.683,122.333,26.5,14.241,2.607677,2026-01-23T23:56:59Z,2026-01-24T00:05:46Z,2026-01-24T00:31:58Z,32.901,4.729,13.853,224.9,4.15,PDT-024/025 MEGA OPS Full Report
1/23/2026,23:32:56,PDT-025,Butter,4,EL-038,-12.5,89.2,1938,803.8,480,19.7,2.46,412.3,0.1,943,995,5.25,44.4,21.5,11.5,10.129,0.0321,9.897,7.29,69,0.64,4.5,TRUE,2026-01-23T23:39:26Z,2026-01-24T01:41:46Z,6.5,24.05,32.833,59.033,122.333,26.5,14.241,2.607677,2026-01-23T23:56:59Z,2026-01-24T00:05:46Z,2026-01-24T00:31:58Z,32.901,4.729,13.853,224.9,4.15,PDT-024/025 MEGA OPS Full Report
1/24/2026,00:28:37,PDT-025,Butter,7,EL-051,-12.6,89.3,1949,802.1,480,19.7,2.46,55,0.75,959.7,989.3,,,,,,,,10.17,48,0.54,5.7,TRUE,2026-01-24T00:40:44Z,2026-01-24T02:43:01Z,12.117,20.767,29.417,55.617,122.283,21.5,21.534,3.221677,2026-01-24T00:49:23Z,2026-01-24T00:58:02Z,2026-01-24T01:24:14Z,35.323,6.636,11.917,222.0,4.31,PDT-024/025 MEGA OPS Full Report
1/24/2026,00:28:38,PDT-025,Butter,8,EL-054,-12.9,92.6,1949.5,802.9,480,19.7,2.46,37.7,1.09,959.7,989.8,,,,,,,,9.83,30.8,0.72,13.7,TRUE,2026-01-24T00:40:44Z,2026-01-24T02:43:01Z,12.1,20.75,29.4,55.6,122.283,21.5,21.534,3.221677,2026-01-24T00:49:23Z,2026-01-24T00:58:02Z,2026-01-24T01:24:14Z,35.323,6.636,11.917,222.0,4.31,PDT-024/025 MEGA OPS Full Report
1/24/2026,00:29:24,PDT-025,Butter,6,EL-038,-12.4,88.7,1949.5,803.45,480,19.7,2.46,94,0.44,953,996.5,,,,,,,,9.76,62.4,0.91,4.9,TRUE,2026-01-24T00:40:44Z,2026-01-24T02:43:01Z,11.333,19.983,28.633,54.833,122.283,21.5,21.534,3.221677,2026-01-24T00:49:23Z,2026-01-24T00:58:02Z,2026-01-24T01:24:14Z,35.323,6.636,11.917,222.0,4.31,PDT-024/025 MEGA OPS Full Report
1/24/2026,01:36:10,PDT-025,Butter,9,EL-038,-12.4,90.2,1875.2,811.4,480,19.7,2.46,586.3,0.07,1603,272.2,5.74,40.56,,,,,,9.94,73.4,0.81,3.5,TRUE,2026-01-24T01:50:32Z,2026-01-24T04:10:22Z,14.367,31.767,84.4,84.4,139.833,23.5,30.794,2.761482,2026-01-24T02:07:56Z,2026-01-24T03:00:34Z,2026-01-24T03:00:34Z,34.767,7.75,15.582,226.6,3.77,PDT-024/025 MEGA OPS Full Report
1/24/2026,01:36:10,PDT-025,Butter,10,EL-061,-12.5,91,1900.3,808.9,480,19.7,2.46,560.2,0.07,1603,297.3,6.07,41.25,,,,,,9.27,96.6,0.94,5.7,TRUE,2026-01-24T01:50:32Z,2026-01-24T04:10:22Z,14.367,31.767,84.4,84.4,139.833,23.5,30.794,2.761482,2026-01-24T02:07:56Z,2026-01-24T03:00:34Z,2026-01-24T03:00:34Z,34.767,7.75,15.582,226.6,3.77,PDT-024/025 MEGA OPS Full Report
2/18/2026,13:41:08,PDT-031,Cabin,1,EL-084,-7.3,93.7,1680.8,811.4,480,19.7,2.46,318,0.13,1146,534.8,5.88,290.3,-82.5,-92.5,8.27,0.0093,0.952,9.49,266.2,1.46,10.6,TRUE,2026-02-18T13:59:22Z,2026-02-18T15:17:18Z,18.233,44.167,44.167,52.933,77.933,35.0,25.638,23.597563,2026-02-18T14:25:18Z,2026-02-18T14:25:18Z,2026-02-18T14:34:04Z,46.456,5.282,19.618,335.7,9.14,PDT-031/032 Full Report
2/18/2026,13:44:26,PDT-031,Cabin,2,EL-084,-7.4,93.3,1700.9,809.3,210,19.7,5.63,39,2.4,1146,554.9,6.01,291.9,-85.8,-95.8,8.299,0.0091,0.946,8.89,273.7,1.88,5.4,TRUE,2026-02-18T13:59:22Z,2026-02-18T15:17:18Z,14.933,40.867,40.867,49.633,77.933,35.0,25.638,23.597563,2026-02-18T14:25:18Z,2026-02-18T14:25:18Z,2026-02-18T14:34:04Z,46.456,5.282,19.618,335.7,9.14,PDT-031/032 Full Report
2/18/2026,14:10:14,PDT-031,Cabin,3,EL-084,-7.3,89.3,2744.2,706.8,480,19.7,2.46,14.8,2.77,1152.7,1591.5,8.57,287,102.9,92.9,9.015,0.0102,17.565,8.98,262.4,0.28,4.1,TRUE,2026-02-18T14:38:25Z,2026-02-18T15:04:30Z,28.183,45.683,41.3,41.3,26.083,27.0,19.791,7.429847,2026-02-18T14:55:55Z,2026-02-18T14:51:32Z,2026-02-18T14:51:32Z,29.552,5.106,7.118,338.1,9.75,PDT-031/032 Full Report
2/18/2026,15:14:32,PDT-031,Cabin,4,EL-084,-6.2,89.4,2193,759.8,480,19.7,2.46,,,1176,1017,8.94,269.6,38.6,28.6,8.734,0.0119,5.87,9.32,265.1,0.32,3.6,FALSE,,,,,,,,,,,,,,,,,,,PDT-031/032 Full Report
2/18/2026,15:19:30,PDT-031,Cabin,5,EL-084,-6.3,88.9,2193,759.8,210,19.7,5.63,,,1202.7,990.3,8.94,269.6,33.6,23.6,,0.0119,5.87,9.35,267,0.09,0.1,FALSE,,,,,,,,,,,,,,,,,,,PDT-031/032 Full Report
2/18/2026,17:09:48,PDT-031,Cabin,6,EL-087,-12.1,77.7,2284.5,751.5,480,19.7,2.46,29.4,1.4,1379.3,905.2,8.68,278.4,-76.7,-86.7,8.896,0.0084,9.36,8.38,217.8,0.7,4.7,TRUE,2026-02-18T17:24:16Z,2026-02-18T18:07:56Z,14.467,31.983,31.983,31.983,43.667,25.5,31.362,9.172485,2026-02-18T17:41:47Z,2026-02-18T17:41:47Z,2026-02-18T17:41:47Z,35.209,4.158,9.141,18.3,9.12,PDT-031/032 Full Report
2/20/2026,06:15:06,PDT-032,Cabin,1,EL-110,-12.1,86.7,2344.8,748.3,480,19.7,2.46,,,1176,1168.8,6.75,271.5,-44.3,-54.3,9.079,0.0106,39.119,7.32,264.7,1.54,11.7,TRUE,2026-02-20T06:29:43Z,2026-02-20T08:19:24Z,14.617,23.367,49.467,62.5,109.683,34.0,73.03,30.593077,2026-02-20T06:38:28Z,2026-02-20T07:04:34Z,2026-02-20T07:17:36Z,45.195,7.499,19.634,354.2,6.37,PDT-031/032 Full Report
2/20/2026,06:16:45,PDT-032,Cabin,3,EL-087,-12.6,87,2376.5,747.2,480,19.7,2.46,8,5.12,1176,1200.5,6.91,272.2,-46,-56,9.109,0.0105,42.615,8.59,312.6,1.13,74.3,TRUE,2026-02-20T06:29:43Z,2026-02-20T08:19:24Z,12.967,21.717,47.817,60.85,109.683,34.0,73.03,30.593077,2026-02-20T06:38:28Z,2026-02-20T07:04:34Z,2026-02-20T07:17:36Z,45.195,7.499,19.634,354.2,6.37,PDT-031/032 Full Report
2/20/2026,06:20:45,PDT-032,Cabin,2,EL-110,-12.3,86.4,2345.5,748.1,210,19.7,5.63,,,1166,1179.5,6.75,271.5,-50,-60,9.085,0.0106,39.119,7.08,286.4,3.05,23.5,TRUE,2026-02-20T06:29:43Z,2026-02-20T08:19:24Z,8.967,17.717,43.817,56.85,109.683,34.0,73.03,30.593077,2026-02-20T06:38:28Z,2026-02-20T07:04:34Z,2026-02-20T07:17:36Z,45.195,7.499,19.634,354.2,6.37,PDT-031/032 Full Report
2/20/2026,07:05:32,PDT-032,Cabin,4,EL-087,-14.4,87.8,2590.6,726.5,480,19.7,2.46,42.4,0.97,1346,1244.6,6.29,296.6,21.6,11.6,10.094,0.0132,6.842,9.02,304.8,0.74,5.3,TRUE,2026-02-20T07:21:41Z,2026-02-20T08:34:09Z,16.15,44.117,44.117,49.0,72.467,34.0,23.925,14.248696,2026-02-20T07:49:39Z,2026-02-20T07:49:39Z,2026-02-20T07:54:32Z,40.783,8.125,15.087,339.1,8.54,PDT-031/032 Full Report
2/20/2026,07:53:19,PDT-032,Cabin,5,EL-110,-12.8,88,2378.5,745.3,480,19.7,2.46,30.7,1.34,1169.3,1209.2,4.6,287.3,-26.1,-36.1,9.566,0.0107,6.774,6.67,327,0.96,9.5,TRUE,2026-02-20T08:09:17Z,2026-02-20T08:49:31Z,15.967,26.083,40.833,50.95,40.233,30.0,21.491,5.850121,2026-02-20T08:19:24Z,2026-02-20T08:34:09Z,2026-02-20T08:44:16Z,19.964,4.79,13.234,351.1,6.15,PDT-031/032 Full Report
2/20/2026,11:23:23,PDT-032,Cabin,6,EL-051,-9.2,93,1857.7,798.7,180,7.4,2.47,47.3,0.87,1156,701.7,8.17,273.3,-27.9,-37.9,7.172,0.0078,0.515,8.32,222.1,0.17,0.6,TRUE,2026-02-20T11:45:33Z,2026-02-20T13:06:54Z,22.167,35.15,60.933,73.767,81.35,34.0,54.346,35.595004,2026-02-20T11:58:32Z,2026-02-20T12:24:19Z,2026-02-20T12:37:09Z,58.104,8.084,31.001,0.2,9.54,PDT-031/032 Full Report
2/20/2026,12:11:25,PDT-032,Cabin,7,EL-110,-9.8,91.1,1974.7,786.3,480,19.7,2.46,39.5,1.04,1162.7,812,8.43,273.1,-75.9,-85.9,7.406,0.0097,0.664,14.48,291,2.17,8.3,TRUE,2026-02-20T12:32:47Z,2026-02-20T13:33:00Z,21.367,46.75,46.75,55.483,60.217,33.5,49.487,25.543184,2026-02-20T12:58:10Z,2026-02-20T12:58:10Z,2026-02-20T13:06:54Z,52.355,9.401,24.167,1.3,11.46,PDT-031/032 Full Report
2/20/2026,12:46:29,PDT-032,Cabin,8,EL-110,-9.5,90.3,1874.7,797,480,19.7,2.46,445.3,0.09,1162.7,712,8.25,273,-111,-121,7.214,0.008,0.526,9.79,288.5,0.14,0.3,TRUE,2026-02-20T13:11:16Z,2026-02-20T13:54:45Z,24.783,33.4,33.4,37.767,43.483,28.0,13.689,6.343243,2026-02-20T13:19:53Z,2026-02-20T13:19:53Z,2026-02-20T13:24:15Z,42.63,2.818,8.36,359.2,11.49,PDT-031/032 Full Report
2/20/2026,13:12:28,PDT-032,Cabin,9,EL-051,-13.5,90,2413.6,743.5,480,19.7,2.46,13.1,3.14,1162.7,1250.9,7.78,272.3,-136.9,-146.9,8.409,0.0094,1.781,11.27,248,1.94,6.4,TRUE,2026-02-20T13:28:37Z,2026-02-20T14:47:00Z,16.15,46.65,55.4,55.4,78.383,31.0,92.533,27.191766,2026-02-20T13:59:07Z,2026-02-20T14:07:52Z,2026-02-20T14:07:52Z,50.7,6.926,22.017,1.7,8.38,PDT-031/032 Full Report
2/20/2026,13:24:30,PDT-032,Cabin,10,EL-110,-5.87,94.6,1409.4,846.9,480,19.7,2.46,338.6,0.12,1162.7,246.7,3.6,255.6,-149,-159,6.483,0.0115,0.247,5.17,260,1.1,18.7,TRUE,2026-02-20T13:28:37Z,2026-02-20T14:47:00Z,4.117,34.617,43.367,43.367,78.383,31.0,92.533,27.191766,2026-02-20T13:59:07Z,2026-02-20T14:07:52Z,2026-02-20T14:07:52Z,50.7,6.926,22.017,1.7,8.38,PDT-031/032 Full Report
2/20/2026,13:44:05,PDT-032,Cabin,11,EL-051,-8,93.6,1676.6,819.3,480,19.7,2.46,1.1,35.95,1169.3,507.3,7.9,250.1,136.2,126.2,8.952,0.0088,0.232,9.18,252.3,0.31,2.9,TRUE,2026-02-20T14:03:30Z,2026-02-20T15:38:42Z,19.417,32.567,50.083,50.083,95.2,39.5,118.341,94.779124,2026-02-20T14:16:39Z,2026-02-20T14:34:10Z,2026-02-20T14:34:10Z,55.187,9.227,14.604,358.3,7.79,PDT-031/032 Full Report
2/20/2026,13:56:11,PDT-032,Cabin,12,EL-110,-8,93.1,1676.5,818.3,480,19.7,2.46,922.3,0.04,1169.3,507.2,7.9,250.1,124.1,114.1,8.967,0.0088,0.232,8.8,256.8,1.01,2.1,TRUE,2026-02-20T14:03:30Z,2026-02-20T15:38:42Z,7.317,20.467,37.983,37.983,95.2,39.5,118.341,94.779124,2026-02-20T14:16:39Z,2026-02-20T14:34:10Z,2026-02-20T14:34:10Z,55.187,9.227,14.604,358.3,7.79,PDT-031/032 Full Report
2/20/2026,14:18:25,PDT-032,Cabin,13,EL-051,-7.7,93.8,1629.9,824.1,330,13.5,2.45,17.9,2.28,1169.3,460.6,7.99,246.8,101.8,91.8,8.847,0.0081,0.161,8.59,246.4,0.55,2,TRUE,2026-02-20T14:34:10Z,2026-02-20T15:43:04Z,15.75,28.583,32.783,63.083,68.9,36.0,54.089,28.489082,2026-02-20T14:47:00Z,2026-02-20T14:51:12Z,2026-02-20T15:21:30Z,45.752,9.214,26.979,358.4,9.09,PDT-031/032 Full Report
2/20/2026,14:31:30,PDT-032,Cabin,14,EL-110,-7.8,93,1603.2,826.3,480,19.7,2.46,10.9,3.77,1169.3,433.9,7.99,244.9,88.8,78.8,8.806,0.0079,0.165,10.11,229.3,0.62,0.7,TRUE,2026-02-20T15:04:11Z,2026-02-20T15:56:13Z,32.683,41.267,54.383,67.2,52.033,30.5,32.956,11.539463,2026-02-20T15:12:46Z,2026-02-20T15:25:53Z,2026-02-20T15:38:42Z,46.49,6.439,22.471,356.7,10.62,PDT-031/032 Full Report
2/20/2026,14:57:20,PDT-032,Cabin,15,EL-110,-7.5,93,1613.5,825.5,480,19.7,2.46,540.8,0.08,1169.3,444.2,7.99,245.7,62.9,52.9,8.823,0.008,0.151,12.05,244.9,0.43,3.4,TRUE,2026-02-20T15:17:08Z,2026-02-20T16:39:43Z,19.8,24.167,58.883,76.1,82.583,38.0,239.203,79.632458,2026-02-20T15:21:30Z,2026-02-20T15:56:13Z,2026-02-20T16:13:26Z,50.177,21.084,28.411,8.2,8.05,PDT-031/032 Full Report
2/20/2026,15:20:13,PDT-032,Cabin,16,EL-110,-8.8,92.2,1737.4,812.7,480,19.7,2.46,756.2,0.05,1169.3,568.1,7.91,253.9,40,30.1,9.116,0.0098,0.255,8.42,245.1,0.31,0.9,FALSE,,,,,,,,,,,,,,,,,,,PDT-031/032 Full Report
2/20/2026,15:55:33,PDT-032,Cabin,17,EL-110,-7.6,92.4,1554.8,832.4,480,19.7,2.46,648.8,0.06,1216,338.8,7.89,239.8,4.7,-5.3,8.685,0.0077,0.21,7.97,277.1,1.25,5.4,FALSE,,,,,,,,,,,,,,,,,,,PDT-031/032 Full Report
2/20/2026,16:29:41,PDT-032,Cabin,18,EL-110,-9.6,91.5,1892.1,796.8,480,19.7,2.46,1012.6,0.04,1299.3,592.8,10.37,263.7,-29.4,-39.4,9.527,0.0108,0.287,9.62,213.4,1.83,3.9,TRUE,2026-02-20T16:48:29Z,2026-02-20T17:32:09Z,18.8,27.433,27.433,44.95,43.667,30.0,32.841,13.056233,2026-02-20T16:57:07Z,2026-02-20T16:57:07Z,2026-02-20T17:14:38Z,39.142,3.872,16.954,1.2,10.63,PDT-031/032 Full Report
2/20/2026,16:55:46,PDT-032,Cabin,19,EL-110,-9.4,91.5,1876,798.4,480,19.7,2.46,,,1242.7,633.3,10.13,263.4,-55.5,-65.5,9.482,0.0108,0.291,11.97,241.4,3.67,24.3,TRUE,2026-02-20T17:14:38Z,2026-02-20T18:06:58Z,18.867,27.633,36.383,45.15,52.333,30.0,47.403,22.282169,2026-02-20T17:23:24Z,2026-02-20T17:32:09Z,2026-02-20T17:40:55Z,42.229,5.294,16.251,8.5,9.61,PDT-031/032 Full Report
2/20/2026,18:08:17,PDT-032,Cabin,20,EL-110,-9.5,91,1870.9,800.1,480,19.7,2.46,1061.9,0.04,1279.3,591.6,9.99,263.3,-128,-138,9.467,0.0108,0.291,13.26,241.6,0.26,1.1,TRUE,2026-02-20T18:24:23Z,2026-02-20T19:43:46Z,16.1,42.117,42.117,59.4,79.383,29.0,90.364,26.146818,2026-02-20T18:50:24Z,2026-02-20T18:50:24Z,2026-02-20T19:07:41Z,48.691,8.93,24.302,15.6,7.8,PDT-031/032 Full Report
2/20/2026,18:13:17,PDT-032,Cabin,21,EL-110,-12.8,89,2363.1,749.4,210,19.7,5.63,446.9,0.21,1339.3,1023.8,9.99,260.8,-133,-143,10.86,0.0107,0.947,13.52,230.2,0.31,0.6,TRUE,2026-02-20T18:24:23Z,2026-02-20T19:43:46Z,11.1,37.117,37.117,54.4,79.383,29.0,90.364,26.146818,2026-02-20T18:50:24Z,2026-02-20T18:50:24Z,2026-02-20T19:07:41Z,48.691,8.93,24.302,15.6,7.8,PDT-031/032 Full Report
3/6/2026,18:15:21,PDT-036,Cabin,1,EL-110,-4.6,89.4,2377.4,762.48,480,19.7,2.46,96.3,0.43,1566,811.4,9.48,303.5,-48.2,-58.2,7.995,0.0193,1.696,12.12,299.2,0.12,2,TRUE,2026-03-06T18:37:24Z,2026-03-06T18:54:41Z,22.05,39.333,22.05,22.05,17.283,3.5,0.365,0.016243,2026-03-06T18:54:41Z,2026-03-06T18:37:24Z,2026-03-06T18:37:24Z,,,,,,20260306_PDT-036_Radar_Analysis
3/6/2026,18:37:43,PDT-036,Cabin,2,EL-110,-4.8,86.8,2470.8,753.61,480,19.7,2.46,953.8,0.04,1546,924.8,9.59,308.2,-70.6,-80.6,8.17,0.0217,1.848,12.54,311.7,1.91,26.1,TRUE,,,,,,,,,,,,,,,,,,,20260306_PDT-036_Radar_Analysis
3/6/2026,18:59:06,PDT-036,Cabin,3,EL-115,-4.8,89.8,2435.5,758.83,480,19.7,2.46,315.9,0.13,1586,849.5,7.66,300.7,59.6,49.6,10.101,0.0166,3.694,10.96,309.8,0.26,1.8,FALSE,,,,,,,,,,,,,,,,,,,20260306_PDT-036_Radar_Analysis
3/6/2026,19:41:59,PDT-036,Cabin,4,EL-115,,,2346.8,761.31,480,19.7,2.46,1.4,30.12,1682.7,664.1,6.54,308.8,16.7,6.7,9.911,0.0181,3.68,11.34,290.2,0.27,1.4,TRUE,2026-03-06T20:03:13Z,2026-03-06T20:36:56Z,21.233,29.667,38.083,38.083,33.717,12.0,10.859,0.870267,2026-03-06T20:11:39Z,2026-03-06T20:20:04Z,2026-03-06T20:20:04Z,20.959,4.325,4.155,340.8,5.78,20260306_PDT-036_Radar_Analysis
3/6/2026,19:47:37,PDT-036,Cabin,5,EL-115,,,2346.8,761.31,210,19.7,5.63,1.1,83.74,1632.7,714.1,6.54,308.8,11.1,1.1,9.911,0.0181,3.68,10.95,292.9,0.44,1.2,TRUE,2026-03-06T20:03:13Z,2026-03-06T20:36:56Z,15.6,24.033,32.45,32.45,33.717,12.0,10.859,0.870267,2026-03-06T20:11:39Z,2026-03-06T20:20:04Z,2026-03-06T20:20:04Z,20.959,4.325,4.155,340.8,5.78,20260306_PDT-036_Radar_Analysis
3/6/2026,20:48:00,PDT-036,Cabin,6,EL-110,-4.4,88.7,2377.4,763.53,480,19.7,2.46,207.9,0.2,1756,621.4,7.19,305.5,-49.3,-59.3,10.001,0.0178,3.423,11.8,299.2,0.58,2,FALSE,,,,,,,,,,,,,,,,,,,20260306_PDT-036_Radar_Analysis
3/7/2026,06:20:11,PDT-036,Cabin,7,EL-110,-5.5,92.2,3535.7,659.12,480,19.7,2.46,1025.1,0.04,1642.7,1893,,,,,,,,17.83,315.8,1.12,1.8,FALSE,,,,,,,,,,,,,,,,,,,20260306_PDT-036_Radar_Analysis
3/7/2026,07:01:30,PDT-036,Cabin,8,EL-094,-4.6,92.8,3352.8,675.53,480,19.7,2.46,653.1,0.06,1592.7,1760.1,,,,,,,,17.22,313.6,0.7,5.9,FALSE,,,,,,,,,,,,,,,,,,,20260306_PDT-036_Radar_Analysis
3/7/2026,07:39:25,PDT-036,Cabin,9,EL-094,-5.8,93.1,3688.2,646.84,480,19.7,2.46,878.8,0.05,1509.3,2178.9,,,,,,,,20.23,354,1.4,10.1,FALSE,,,,,,,,,,,,,,,,,,,20260306_PDT-036_Radar_Analysis
3/7/2026,08:10:29,PDT-036,Cabin,10,EL-094,-4.8,95.1,3505.1,662.47,480,19.7,2.46,423.5,0.1,1492.7,2012.4,,,,,,,,19.03,336.3,0.4,0.2,FALSE,,,,,,,,,,,,,,,,,,,20260306_PDT-036_Radar_Analysis
3/7/2026,08:38:41,PDT-036,Cabin,11,EL-094,-4.3,95.5,3555.8,658.34,480,19.7,2.46,597.9,0.07,1436,2119.8,,,,,,,,18.21,335.1,0.51,0.4,FALSE,,,,,,,,,,,,,,,,,,,20260306_PDT-036_Radar_Analysis
3/11/2026,09:03:00,PDT-038,Butter,1,EL-110,-16,80.2,3638.1,643,240,10.0,2.50,376.9,0.11,1250,2388.1,18.68,275.6,-35.2,-45.2,19.62,0.0087,2.594,21.12,282.5,1.48,5,TRUE,,,,,,,,,,,,,,,,,,,PDT-038 Full Report
3/11/2026,09:03:00,PDT-038,Butter,2,EL-094,-9.1,87.4,2624.6,739,480,19.7,2.46,746.7,0.05,1250,1374.6,16.2,268.4,-35.2,-45.2,20.336,0.0068,1.238,16.93,258,2.31,1.7,TRUE,,,,,,,,,,,,,,,,,,,PDT-038 Full Report
3/11/2026,09:36:00,PDT-038,Butter,3,EL-110,-14.2,82.8,3354.5,669,480,19.7,2.46,1834.5,0.02,1390,1964.5,19.13,275.4,5.6,-4.4,18.126,0.0114,1.611,20.89,273.4,0.34,0.7,FALSE,,,,,,,,,,,,,,,,,,,PDT-038 Full Report
3/11/2026,09:36:33,PDT-038,Toast,4,EL-123,-11.3,85.1,2933.4,703,240,10.0,2.50,512.1,0.08,1390,1543.4,15.69,277.3,5,-5,10.089,0.0092,1.54,19.34,272.1,2.21,1.4,FALSE,,,,,,,,,,,,,,,,,,,PDT-038 Full Report
3/11/2026,10:11:00,PDT-038,Butter,5,EL-110,-14.1,83.2,3308,673,480,19.7,2.46,943.4,0.04,1470,1838,19.12,275.7,-29.4,-39.4,17.984,0.0113,1.543,21.04,286.4,0.3,1.4,TRUE,2026-03-11T10:32:42Z,2026-03-11T11:18:48Z,21.7,54.583,49.95,44.7,46.1,35.0,77.985,50.147508,2026-03-11T11:05:35Z,2026-03-11T11:00:57Z,2026-03-11T10:55:42Z,63.862,9.014,18.972,2.9,14.43,PDT-038 Full Report
3/11/2026,11:10:25,PDT-038,Toast,6,EL-123,-12.6,80.6,3200.5,684,480,19.7,2.46,1166.7,0.04,1400,1800.5,18.11,273.6,-10.7,-20.7,11.473,0.0125,1.592,19,286.3,0.34,3,FALSE,,,,,,,,,,,,,,,,,,,PDT-038 Full Report
3/11/2026,11:59:00,PDT-038,Butter,7,EL-094,-5.8,86.5,3124.3,691,480,19.7,2.46,1003.8,0.04,1600,1524.3,18.05,271.8,-59.2,-69.2,23.077,0.0107,1.502,18.85,286,2.31,4.5,TRUE,2026-03-11T12:10:25Z,2026-03-11T13:09:30Z,11.417,36.883,53.55,53.55,59.083,26.5,193.583,52.240503,2026-03-11T12:35:53Z,2026-03-11T12:52:33Z,2026-03-11T12:52:33Z,86.038,15.685,41.312,350.2,17.46,PDT-038 Full Report
3/11/2026,16:10:00,PDT-038,Butter,8,EL-094,-5.9,89,3048.2,699,480,19.7,2.46,1548,0.03,1800,1248.2,22.84,272.6,-28.3,-38.3,15.421,0.014,0.869,24.38,277.8,0.17,0.8,FALSE,,,,,,,,,,,,,,,,,,,PDT-038 Full Report
3/25/2026,23:39:00,PDT-042,Cabin,1,EL-102,-5.3,86.3,2678.8,730.2,480,19.7,2.46,1266.5,0.03,1699.3,979.5,17.59,246.8,-19.9,-29.9,9.082,0.0202,1.109,14.29,256.5,1.71,3,FALSE,,,,,,,,,,,,,,,,,,,PDT-042 Full Report
3/26/2026,00:08:59,PDT-042,Cabin,2,EL-102,-5.16,86.2,2681.2,729,480,19.7,2.46,4357.9,0.01,2192.7,488.5,,,,,,,,16.34,262.6,1.53,4.1,FALSE,,,,,,,,,,,,,,,,,,,PDT-042 Full Report
3/26/2026,01:57:23,PDT-042,Cabin,3,EL-102,-7.8,88.5,2804.1,720.1,480,19.7,2.46,1606.8,0.03,2299.3,504.8,,,,,,,,14.76,253,0.64,5.2,FALSE,,,,,,,,,,,,,,,,,,,PDT-042 Full Report
3/26/2026,01:57:23,PDT-042,Cabin,4,EL-124,-7.9,88.3,2804.1,718.5,480,19.7,2.46,421.1,0.1,2299.3,504.8,,,,,,,,15.29,265,0.13,0.3,FALSE,,,,,,,,,,,,,,,,,,,PDT-042 Full Report
3/26/2026,02:28:47,PDT-042,Cabin,5,EL-102,-11.3,86.8,3291.7,675.6,210,19.7,5.63,388.1,0.24,2239.3,1052.4,,,,,,,,18.84,244.7,0.63,1.5,TRUE,2026-03-26T02:43:59Z,2026-03-26T03:10:15Z,15.2,23.967,23.967,32.7,26.267,27.5,57.343,18.982279,2026-03-26T02:52:45Z,2026-03-26T02:52:45Z,2026-03-26T03:01:29Z,50.332,7.74,15.558,16.0,16.43,PDT-042 Full Report
3/26/2026,02:28:47,PDT-042,Cabin,6,EL-124,-11.2,85.5,3292,673.9,210,19.7,5.63,535,0.18,2239.3,1052.7,,,,,,,,17.07,242.7,0.85,1.6,TRUE,2026-03-26T02:43:59Z,2026-03-26T03:10:15Z,15.2,23.967,23.967,32.7,26.267,27.5,57.343,18.982279,2026-03-26T02:52:45Z,2026-03-26T02:52:45Z,2026-03-26T03:01:29Z,50.332,7.74,15.558,16.0,16.43,PDT-042 Full Report
3/26/2026,02:52:30,PDT-042,Cabin,7,EL-102,-11.3,86.9,3260.1,678.9,480,19.7,2.46,1746.9,0.02,2829.3,430.8,,,,,,,,17.43,242.3,1.01,4.4,TRUE,2026-03-26T03:01:29Z,2026-03-26T04:20:48Z,8.983,36.45,27.683,27.683,79.317,28.5,157.148,84.342213,2026-03-26T03:28:57Z,2026-03-26T03:20:11Z,2026-03-26T03:20:11Z,93.37,11.822,16.109,22.4,17.09,PDT-042 Full Report
3/26/2026,02:52:30,PDT-042,Cabin,8,EL-095,-11.3,87.3,3261,677.2,480,19.7,2.46,1578,0.03,2829.3,431.7,,,,,,,,19.01,262.3,0.47,2.4,TRUE,2026-03-26T03:01:29Z,2026-03-26T04:20:48Z,8.983,36.45,27.683,27.683,79.317,28.5,157.148,84.342213,2026-03-26T03:28:57Z,2026-03-26T03:20:11Z,2026-03-26T03:20:11Z,93.37,11.822,16.109,22.4,17.09,PDT-042 Full Report
3/26/2026,04:05:19,PDT-042,Cabin,9,EL-124,-13.4,85.4,3502.3,655.8,210,19.7,5.63,42.9,2.19,1526,1976.3,,,,,,,,18.86,231.6,0.79,1.3,TRUE,2026-03-26T04:12:03Z,2026-03-26T05:30:21Z,6.733,24.25,32.867,58.883,78.3,30.5,111.21,50.930104,2026-03-26T04:29:34Z,2026-03-26T04:38:11Z,2026-03-26T05:04:12Z,99.035,9.368,58.215,18.0,18.43,PDT-042 Full Report
3/26/2026,04:05:19,PDT-042,Cabin,10,EL-095,-13.5,86.1,3505.2,656,210,19.7,5.63,162.1,0.58,1526,1979.2,,,,,,,,19.23,256.1,0.58,1,TRUE,2026-03-26T04:12:03Z,2026-03-26T05:30:21Z,6.733,24.25,32.867,58.883,78.3,30.5,111.21,50.930104,2026-03-26T04:29:34Z,2026-03-26T04:38:11Z,2026-03-26T05:04:12Z,99.035,9.368,58.215,18.0,18.43,PDT-042 Full Report
3/26/2026,04:33:50,PDT-042,Cabin,11,EL-124,-9.5,87.3,2895.5,710.5,480,19.7,2.46,246.6,0.17,2206,689.5,,,,,,,,15.32,267.2,1.35,1.8,TRUE,2026-03-26T04:46:42Z,2026-03-26T05:56:38Z,12.867,30.367,30.367,74.033,69.933,33.5,105.399,63.287416,2026-03-26T05:04:12Z,2026-03-26T05:04:12Z,2026-03-26T05:47:52Z,81.633,8.567,57.159,21.1,15.59,PDT-042 Full Report
3/26/2026,04:33:50,PDT-042,Cabin,12,EL-095,-9.6,89.7,2895.7,711,480,19.7,2.46,48.5,0.85,2206,689.7,,,,,,,,16.64,247.2,0.27,0.6,TRUE,2026-03-26T04:46:42Z,2026-03-26T05:56:38Z,12.867,30.367,30.367,74.033,69.933,33.5,105.399,63.287416,2026-03-26T05:04:12Z,2026-03-26T05:04:12Z,2026-03-26T05:47:52Z,81.633,8.567,57.159,21.1,15.59,PDT-042 Full Report
3/26/2026,05:31:13,PDT-042,Cabin,13,EL-124,-12.1,85.1,3121.9,689.1,210,19.7,5.63,7.2,12.97,2622.7,499.2,,,,,,,,18.35,241.8,0.36,1.3,TRUE,2026-03-26T05:47:52Z,2026-03-26T06:40:17Z,16.65,25.417,25.417,60.45,52.417,24.0,31.186,8.361402,2026-03-26T05:56:38Z,2026-03-26T05:56:38Z,2026-03-26T06:31:40Z,72.021,5.605,40.909,20.0,15.44,PDT-042 Full Report
3/26/2026,05:31:13,PDT-042,Cabin,14,EL-095,-12.1,86.8,3114.7,690.2,210,19.7,5.63,5.3,17.58,2622.7,492,,,,,,,,16.74,263.2,0.52,0.2,TRUE,2026-03-26T05:47:52Z,2026-03-26T06:40:17Z,16.65,25.417,25.417,60.45,52.417,24.0,31.186,8.361402,2026-03-26T05:56:38Z,2026-03-26T05:56:38Z,2026-03-26T06:31:40Z,72.021,5.605,40.909,20.0,15.44,PDT-042 Full Report
3/26/2026,05:57:10,PDT-042,Cabin,15,EL-124,-12.3,85.6,3139.5,687.5,480,19.7,2.46,681.6,0.06,1936,1203.5,,,,,,,,18.07,288.9,0.2,0.2,TRUE,2026-03-26T06:05:23Z,2026-03-26T07:15:12Z,8.217,34.5,60.633,60.633,69.817,27.5,117.803,36.182315,2026-03-26T06:31:40Z,2026-03-26T06:57:48Z,2026-03-26T06:57:48Z,72.994,11.044,48.185,12.7,14.65,PDT-042 Full Report
3/26/2026,05:57:10,PDT-042,Cabin,16,EL-095,-11.7,88,3035.1,697.6,480,19.7,2.46,194.5,0.21,1936,1099.1,,,,,,,,19.03,249.3,0.63,6.9,TRUE,2026-03-26T06:05:23Z,2026-03-26T07:15:12Z,8.217,34.5,60.633,60.633,69.817,27.5,117.803,36.182315,2026-03-26T06:31:40Z,2026-03-26T06:57:48Z,2026-03-26T06:57:48Z,72.994,11.044,48.185,12.7,14.65,PDT-042 Full Report
3/26/2026,06:43:23,PDT-042,Cabin,17,EL-095,-13.1,87.5,3159.3,686.3,210,19.7,5.63,122.5,0.77,1762.7,1396.6,,,,,,,,19.7,290,0.82,0.2,TRUE,2026-03-26T06:57:48Z,2026-03-26T07:58:51Z,14.417,23.183,40.55,40.55,61.05,29.5,56.217,19.806508,2026-03-26T07:06:34Z,2026-03-26T07:23:56Z,2026-03-26T07:23:56Z,71.155,8.59,24.319,8.5,14.37,PDT-042 Full Report
3/26/2026,07:06:11,PDT-042,Cabin,18,EL-095,-13.8,86.7,3206.8,682.3,210,19.7,5.63,256.7,0.37,2776,430.8,,,,,,,,20.14,268,0.68,2.1,TRUE,2026-03-26T07:15:12Z,2026-03-26T08:07:36Z,9.017,26.517,26.517,26.517,52.4,23.5,29.529,9.380721,2026-03-26T07:32:42Z,2026-03-26T07:32:42Z,2026-03-26T07:32:42Z,70.99,4.316,16.648,9.2,16.67,PDT-042 Full Report
4/2/2026,15:15:22,PDT-045,Cabin,1,EL-102,-9.7,87.3,2377.5,749.1,210,19.7,5.63,79.4,1.18,1789.3,588.2,13.73,267.2,-48.5,-58.5,10.414,0.0069,1.007,14.39,238,0.98,1.8,FALSE,,,,,,,,,,,,,,,,,,,PDT-045 Full Report
4/2/2026,16:03:56,PDT-045,Cabin,2,EL-102,-8.9,85.9,2286,758.2,480,19.7,2.46,90.5,0.45,1819.3,466.7,10.13,277.1,48,38,8.392,0.0107,5.051,11.52,281.6,1.12,5.5,FALSE,,,,,,,,,,,,,,,,,,,PDT-045 Full Report
4/2/2026,16:46:28,PDT-045,Cabin,3,EL-124,-9.2,86.4,2347.2,752.1,480,19.7,2.46,379.8,0.11,1686,661.2,11.21,262.4,5.5,-4.5,8.285,0.0111,6.757,13.43,241.3,0.87,3.5,FALSE,,,,,,,,,,,,,,,,,,,PDT-045 Full Report
4/2/2026,17:12:10,PDT-045,Cabin,4,EL-124,-14.8,83.9,3261.4,667.1,210,19.7,5.63,294.9,0.32,1612.7,1648.7,10.67,300.4,-20.2,-30.2,8.637,0.0092,5.34,13.45,290.1,1.61,1,FALSE,,,,,,,,,,,,,,,,,,,PDT-045 Full Report
4/2/2026,17:32:14,PDT-045,Cabin,5,EL-124,-8.2,86.9,2286,759.2,480,19.7,2.46,1090.2,0.04,1739.3,546.7,9.92,281.4,39.9,29.9,11.102,0.0116,5.632,11.92,236.6,1.23,4,FALSE,,,,,,,,,,,,,,,,,,,PDT-045 Full Report
4/2/2026,17:59:58,PDT-045,Cabin,6,EL-124,-8.5,88.4,2399.7,748,210,19.7,5.63,195.1,0.48,1452.7,947,9.92,281.8,12.2,2.1,11.106,0.0116,5.692,12.53,269.5,0.45,0.3,FALSE,,,,,,,,,,,,,,,,,,,PDT-045 Full Report
4/2/2026,18:23:13,PDT-045,Cabin,7,EL-124,-7.6,81.8,2285.9,760.1,480,19.7,2.46,17,2.41,1802.7,483.2,11.7,270.6,-11.1,-21.1,10.883,0.0109,1.738,12.94,286.1,0.33,0.4,FALSE,,,,,,,,,,,,,,,,,,,PDT-045 Full Report
4/2/2026,19:07:17,PDT-045,Cabin,8,EL-124,-8.6,83.3,2438.3,745.8,210,19.7,5.63,148.4,0.63,1856,582.3,9.92,281.8,-55.2,-65.2,11.106,0.0116,5.692,10.92,269.7,0.39,0.8,FALSE,,,,,,,,,,,,,,,,,,,PDT-045 Full Report
4/2/2026,20:40:57,PDT-045,Cabin,9,EL-124,-13.8,84.6,3200.3,676,210,19.7,5.63,368.6,0.25,1802.7,1397.6,12.05,308.7,51.2,41.2,14.079,0.0107,19.884,10.09,310.7,0.21,1.1,FALSE,,,,,,,,,,,,,,,,,,,PDT-045 Full Report
4/2/2026,21:09:09,PDT-045,Cabin,10,EL-124,-16.6,83.2,3659.2,636.1,480,19.7,2.46,873.4,0.05,1662.7,1996.5,11.69,311.9,23,13,15.026,0.0095,35.573,18.01,294.2,0.25,1.4,FALSE,,,,,,,,,,,,,,,,,,,PDT-045 Full Report
4/2/2026,21:36:20,PDT-045,Cabin,11,EL-124,-19,82.4,3962.4,610.7,210,19.7,5.63,96.7,0.97,1566,2396.4,12.73,315.8,-4.2,-14.2,15.656,0.0035,20.275,15.11,304.2,0.44,1,FALSE,,,,,,,,,,,,,,,,,,,PDT-045 Full Report
4/3/2026,01:10:44,PDT-045,Cabin,12,EL-124,-13.2,89.7,3365.4,665.4,210,19.7,5.63,144.9,0.65,1569.3,1796.1,,,,,,,,12.53,323.7,0.81,1.3,TRUE,2026-04-03T01:23:15Z,2026-04-03T02:40:45Z,12.517,25.7,32.3,32.3,77.5,23.5,9.201,3.320621,2026-04-03T01:36:26Z,2026-04-03T01:43:02Z,2026-04-03T01:43:02Z,65.296,3.222,14.821,320.3,11.68,PDT-045 Full Report
4/3/2026,01:36:00,PDT-045,Cabin,13,EL-124,-13,,3535,661,210,19.7,5.63,,,2076,1459,,,,,,,,,,,,TRUE,2026-04-03T01:49:38Z,2026-04-03T02:40:45Z,13.633,32.867,32.867,32.867,51.117,30.0,31.107,13.212486,2026-04-03T02:08:52Z,2026-04-03T02:08:52Z,2026-04-03T02:08:52Z,53.218,7.309,14.521,314.2,12.67,PDT-045 Full Report
4/3/2026,02:39:40,PDT-045,Cabin,14,EL-124,-11.5,,3201,683.8,480,19.7,2.46,,,2699.3,501.7,,,,,,,,,,,,TRUE,2026-04-03T02:47:08Z,2026-04-03T03:24:59Z,7.467,26.533,26.533,32.783,37.85,26.5,33.902,12.443124,2026-04-03T03:06:12Z,2026-04-03T03:06:12Z,2026-04-03T03:12:27Z,32.307,6.204,16.072,323.0,10.49,PDT-045 Full Report
4/3/2026,03:05:01,PDT-045,Cabin,15,EL-124,-11,,3078,695.1,210,19.7,5.63,,,1666,1412,,,,,,,,,,,,TRUE,2026-04-03T03:18:43Z,2026-04-03T03:37:39Z,13.7,26.233,32.633,26.233,18.933,12.0,4.929,0.381966,2026-04-03T03:31:15Z,2026-04-03T03:37:39Z,2026-04-03T03:31:15Z,26.129,2.514,3.451,321.8,10.63,PDT-045 Full Report
4/3/2026,03:28:06,PDT-045,Cabin,16,EL-124,-11.5,90,3201,684.6,480,19.7,2.46,,,2479.3,721.7,,,,,,,,,,,,TRUE,2026-04-03T03:37:39Z,2026-04-03T04:44:11Z,9.55,35.583,28.983,28.983,66.533,18.5,33.44,4.446404,2026-04-03T04:03:41Z,2026-04-03T03:57:05Z,2026-04-03T03:57:05Z,48.454,8.354,12.471,325.0,9.83,PDT-045 Full Report
4/3/2026,04:10:54,PDT-045,Cabin,17,EL-124,-11.5,87,3192,685.7,210,19.7,5.63,,,2589.3,602.7,,,,,,,,,,,,TRUE,2026-04-03T04:31:00Z,2026-04-03T05:27:21Z,20.1,33.283,33.283,33.283,56.35,15.0,14.334,1.606597,2026-04-03T04:44:11Z,2026-04-03T04:44:11Z,2026-04-03T04:44:11Z,47.403,4.902,8.243,310.7,9.74,PDT-045 Full Report
4/3/2026,04:39:37,PDT-045,Cabin,18,EL-124,-11.1,85.4,3139.4,688,480,19.7,2.46,354,0.12,2549.3,590.1,,,,,,,,11.95,311.3,0.34,5.4,TRUE,2026-04-03T04:57:21Z,2026-04-03T05:58:34Z,17.733,30.933,37.517,37.517,61.217,15.0,17.232,1.607783,2026-04-03T05:10:33Z,2026-04-03T05:17:08Z,2026-04-03T05:17:08Z,43.492,3.786,14.059,315.1,9.2,PDT-045 Full Report
4/3/2026,05:06:03,PDT-045,Cabin,19,EL-124,-11.3,87.5,3109.1,691,210,19.7,5.63,27.9,3.37,2779.3,329.8,,,,,,,,11.33,295.5,0.55,3.5,TRUE,2026-04-03T05:27:21Z,2026-04-03T06:19:23Z,21.3,31.717,31.717,31.717,52.033,11.0,11.311,0.786115,2026-04-03T05:37:46Z,2026-04-03T05:37:46Z,2026-04-03T05:37:46Z,39.509,4.48,6.044,332.2,9.67,PDT-045 Full Report
4/3/2026,05:27:18,PDT-045,Cabin,20,EL-124,-10.7,88.2,2986.9,702.3,480,19.7,2.46,300.5,0.14,1729.3,1257.6,,,,,,,,11.58,293.8,0.48,3.1,TRUE,2026-04-03T05:48:10Z,2026-04-03T06:08:59Z,20.867,31.267,31.267,31.267,20.817,11.5,14.165,1.101867,2026-04-03T05:58:34Z,2026-04-03T05:58:34Z,2026-04-03T05:58:34Z,25.081,3.099,5.032,327.2,7.24,PDT-045 Full Report
4/3/2026,05:53:44,PDT-045,Cabin,21,EL-124,-10.8,89.4,2971.9,704,210,19.7,5.63,167.1,0.56,2659.3,312.6,,,,,,,,9.84,301.1,0.19,4.8,TRUE,2026-04-03T06:19:23Z,2026-04-03T06:29:48Z,25.65,36.067,36.067,36.067,10.417,12.0,5.809,0.477562,2026-04-03T06:29:48Z,2026-04-03T06:29:48Z,2026-04-03T06:29:48Z,22.328,3.5,5.664,330.3,9.06,PDT-045 Full Report
4/3/2026,06:15:06,PDT-045,Cabin,22,EL-124,-10.1,89.5,2880.2,712.8,480,19.7,2.46,60.6,0.68,1739.3,1140.9,,,,,,,,9.09,295.2,0.32,2.6,TRUE,2026-04-03T06:40:12Z,2026-04-03T06:50:37Z,25.1,35.517,35.517,35.517,10.417,13.5,11.471,1.061255,2026-04-03T06:50:37Z,2026-04-03T06:50:37Z,2026-04-03T06:50:37Z,19.774,4.655,4.828,344.9,7.72,PDT-045 Full Report
4/3/2026,06:42:16,PDT-045,Cabin,23,EL-124,-9.6,89.9,2834.5,717.2,210,19.7,5.63,25.6,3.67,2436,398.5,,,,,,,,10.67,272.4,0.51,1.6,TRUE,2026-04-03T07:11:26Z,2026-04-03T07:11:26Z,29.167,29.167,29.167,29.167,0.0,11.0,3.114,0.26799,2026-04-03T07:11:26Z,2026-04-03T07:11:26Z,2026-04-03T07:11:26Z,,,,,,PDT-045 Full Report
4/3/2026,07:04:09,PDT-045,Cabin,24,EL-124,-10,90.1,2880.2,712.9,480,19.7,2.46,67.2,0.61,2569.3,310.9,,,,,,,,10.12,283.2,0.41,5,TRUE,2026-04-03T07:32:16Z,2026-04-03T07:42:40Z,28.117,38.517,28.117,28.117,10.4,10.5,3.067,0.139123,2026-04-03T07:42:40Z,2026-04-03T07:32:16Z,2026-04-03T07:32:16Z,20.336,3.957,0.0,6.6,4.14,PDT-045 Full Report
4/3/2026,07:30:02,PDT-045,Cabin,25,EL-124,-9.1,86.5,2712.6,728.7,210,19.7,5.63,245.2,0.38,2616,96.6,,,,,,,,10.01,297.8,0.29,0.9,FALSE,,,,,,,,,,,,,,,,,,,PDT-045 Full Report
4/15/2026,02:35:38,PDT-048,Cabin,1,EL-123,-9.6,86.6,3657.6,639.8,210,19.7,5.63,838.9,0.11,1616,2041.6,17.15,252.8,-38.4,-48.4,14.801,0.0217,4.289,15.25,255,0.7,3,FALSE,,,,,,,,,,,,,,,,,,,20260415_PDT-048_Radar_Analysis
4/15/2026,04:10:27,PDT-048,Cabin,2,EL-123,-10,92,4175.7,598.4,210,19.7,5.63,552.9,0.17,2709.3,1466.4,22.05,264.6,-46.1,-56.1,7.669,0.012,3.994,20.18,265,1,1.7,TRUE,2026-04-15T04:28:33Z,2026-04-15T05:47:11Z,18.1,45.733,51.35,68.1,78.633,31.0,192.564,89.468361,2026-04-15T04:56:11Z,2026-04-15T05:01:48Z,2026-04-15T05:18:33Z,130.712,21.37,67.323,22.4,21.76,20260415_PDT-048_Radar_Analysis
4/15/2026,05:24:20,PDT-048,Cabin,3,EL-123,-12.2,88.7,4350.3,583.6,480,19.7,2.46,340.5,0.12,2449.3,1901,21.87,261.6,-21.5,-31.5,11.007,0.0073,-38.821,16.48,277.5,1.72,2.9,FALSE,,,,,,,,,,,,,,,,,,,20260415_PDT-048_Radar_Analysis
4/15/2026,06:58:59,PDT-048,Cabin,4,EL-124,-6.2,89.3,2806.8,712.7,480,19.7,2.46,757.4,0.05,2619.3,187.5,18.53,245.9,38.1,28.1,15.814,0.0162,1.591,18.42,257.8,2.8,5.2,FALSE,,,,,,,,,,,,,,,,,,,20260415_PDT-048_Radar_Analysis
,,,,,,,,,,,,,,,,,,,,,,,,,,,,,,,,,,,,,,,,,,,,,,,
,,,,,,,,,,,,,,,,,,,,,,,,,,,,,,,,,,,,,,,,,,,,,,,
,NEEDS REVIEW,,,,,,,,,,,,,,,,,,,,,,,,,,,,,,,,,,,,,,,,,,,,,,