height,frame,idx,reflectivity,num,y,x,hdim_1,hdim_2,threshold_value,feature,time,timestr
500.0,1,1,6.707775115966797,1,21487.117069307205,61068.19730739537,64.0,47.0,5.030693531036377,1,2026-02-20 06:25:20,2026-02-20 06:25:20
500.0,4,4,10.561115264892578,2,7850.7534329435675,53216.19868742204,34.0,29.84993025126672,10.030693531036377,2,2026-02-20 06:38:28,2026-02-20 06:38:28
500.0,4,5,10.277523040771484,1,10123.48070567084,44128.094252684954,39.0,10.0,10.030693531036377,3,2026-02-20 06:38:28,2026-02-20 06:38:28
500.0,5,7,20.106338500976562,9,7487.028755798075,55158.95635232993,33.19980571027992,34.093235818501995,15.030693531036377,6,2026-02-20 06:42:52,2026-02-20 06:42:52
500.0,6,5,9.5,1,10123.48070567084,45043.77549888552,39.0,12.0,5.030693531036377,10,2026-02-20 06:47:15,2026-02-20 06:47:15
500.0,6,6,8.874603271484375,2,22396.207978398113,50696.63875896201,66.0,24.346792693487885,5.030693531036377,11,2026-02-20 06:47:15,2026-02-20 06:47:15
500.0,6,10,16.286521911621094,10,6724.963441328873,55575.400735085845,31.523262018447674,35.0028195507972,15.030693531036377,12,2026-02-20 06:47:15,2026-02-20 06:47:15
500.0,7,2,9.148751258850098,1,8305.298887489022,45043.77549888552,35.0,12.0,5.030693531036377,13,2026-02-20 06:51:37,2026-02-20 06:51:37
500.0,7,6,16.08555793762207,20,6276.724434436189,57497.2459980446,30.53713620328377,39.200448957172114,15.030693531036377,14,2026-02-20 06:51:37,2026-02-20 06:51:37
500.0,8,5,17.663860321044922,20,5886.131097403778,57704.76234592537,29.677830861812467,39.653699143832185,15.030693531036377,16,2026-02-20 06:55:49,2026-02-20 06:55:49
500.0,9,8,15.950211524963379,18,5960.297259608867,62650.49460956403,29.84099641866366,50.456000237493335,15.030693531036377,20,2026-02-20 07:00:12,2026-02-20 07:00:12
500.0,10,8,16.912975311279297,9,5552.2733923190735,63003.442072452664,28.943343910626115,51.22689614554674,15.030693531036377,24,2026-02-20 07:04:34,2026-02-20 07:04:34
500.0,11,7,15.152155876159668,3,7374.294399490525,61657.640533107595,32.95179012640331,48.28744195244362,15.030693531036377,30,2026-02-20 07:08:56,2026-02-20 07:08:56
500.0,12,9,11.661759376525879,1,5123.48070567084,70682.85039250128,28.0,68.0,10.030693531036377,35,2026-02-20 07:13:18,2026-02-20 07:13:18
500.0,12,13,21.115747451782227,4,6599.770643723186,63382.889359959554,31.247837863715162,52.05567207402912,15.030693531036377,38,2026-02-20 07:13:18,2026-02-20 07:13:18
500.0,13,8,14.531967163085938,1,21032.57161476175,52827.0660915903,63.0,29.0,10.030693531036377,42,2026-02-20 07:17:36,2026-02-20 07:17:36
500.0,13,10,19.28081703186035,8,4715.855792947072,64535.633911462544,27.10322519200771,54.57345772550134,15.030693531036377,43,2026-02-20 07:17:36,2026-02-20 07:17:36
500.0,14,6,11.944896697998047,9,4251.133503159466,66769.89700273128,26.08083615447498,59.45345958322064,10.030693531036377,46,2026-02-20 07:21:41,2026-02-20 07:21:41
500.0,14,10,19.593547821044922,1,10578.026160216295,46417.297368186366,40.0,15.0,15.030693531036377,48,2026-02-20 07:21:41,2026-02-20 07:21:41
500.0,15,3,7.277351379394531,1,14214.389796579931,52369.225468490025,48.0,28.0,5.030693531036377,50,2026-02-20 07:26:16,2026-02-20 07:26:16
500.0,15,4,7.582546710968018,1,21941.66252385266,56031.95045329227,65.0,36.0,5.030693531036377,51,2026-02-20 07:26:16,2026-02-20 07:26:16
500.0,15,6,10.167791366577148,2,5979.785328185549,69767.16914630072,29.88387016953236,66.0,10.030693531036377,52,2026-02-20 07:26:16,2026-02-20 07:26:16
500.0,16,1,7.272851467132568,6,5435.372818026473,71825.76697519173,28.686162647182396,70.49631973447696,5.030693531036377,53,2026-02-20 07:31:04,2026-02-20 07:31:04
500.0,17,2,6.051904201507568,2,5578.026160216294,73244.12639738333,29.0,73.59425240062423,5.030693531036377,54,2026-02-20 07:35:28,2026-02-20 07:35:28
500.0,17,10,20.008089065551758,1,5578.026160216294,55574.10983019199,29.0,35.0,15.030693531036377,56,2026-02-20 07:35:28,2026-02-20 07:35:28
500.0,17,11,18.453224182128906,1,9668.935251125384,47332.97861438693,38.0,17.0,15.030693531036377,57,2026-02-20 07:35:28,2026-02-20 07:35:28
500.0,18,8,16.2825927734375,9,5729.293878439884,57141.24307729738,29.332788980091898,38.422879421431645,15.030693531036377,59,2026-02-20 07:40:06,2026-02-20 07:40:06
500.0,18,9,24.374757766723633,1,20578.026160216294,52827.0660915903,62.0,29.0,15.030693531036377,60,2026-02-20 07:40:06,2026-02-20 07:40:06
500.0,19,2,5.427706241607666,2,5388.422459835513,76634.77849280494,28.58287185916228,81.0,5.030693531036377,61,2026-02-20 07:45:08,2026-02-20 07:45:08
500.0,19,6,9.0,1,22396.207978398113,45043.77549888552,66.0,12.0,5.030693531036377,62,2026-02-20 07:45:08,2026-02-20 07:45:08
500.0,19,14,18.90074348449707,8,4038.9611645932946,59756.41111057944,25.614057009629402,44.134840967293115,15.030693531036377,63,2026-02-20 07:45:08,2026-02-20 07:45:08
500.0,19,15,17.07122802734375,5,6794.66089589914,43021.29176262126,31.67659641850226,7.582559444880724,15.030693531036377,64,2026-02-20 07:45:08,2026-02-20 07:45:08
500.0,19,18,11.956836700439453,5,10470.001535459774,47021.21588218239,39.762345825535654,16.319058387406894,15.030693531036377,67,2026-02-20 07:45:08,2026-02-20 07:45:08
500.0,20,2,7.0,1,12850.753432943568,39549.688021682145,45.0,0.0,5.030693531036377,69,2026-02-20 07:49:39,2026-02-20 07:49:39
500.0,20,6,15.741287231445312,5,4731.622171956472,61560.423935034814,27.13791122582839,48.07510474781884,15.030693531036377,70,2026-02-20 07:49:39,2026-02-20 07:49:39
500.0,21,8,9.658771514892578,5,3353.188031892469,64626.21442410106,24.105356117687585,54.77130061682268,10.030693531036377,71,2026-02-20 07:54:32,2026-02-20 07:54:32
500.0,21,11,10.332624435424805,1,15578.026160216295,56947.631699492835,51.0,38.0,10.030693531036377,73,2026-02-20 07:54:32,2026-02-20 07:54:32
500.0,21,13,17.05190658569336,1,-6694.701112510979,42296.73176028383,2.0,6.0,15.030693531036377,74,2026-02-20 07:54:32,2026-02-20 07:54:32
500.0,21,14,16.6956844329834,2,10123.48070567084,47635.483486732,39.0,17.660720908286066,15.030693531036377,75,2026-02-20 07:54:32,2026-02-20 07:54:32
500.0,22,1,9.315472602844238,2,3305.2988874890216,67581.70636242967,24.0,61.226586122760104,5.030693531036377,76,2026-02-20 07:59:24,2026-02-20 07:59:24
500.0,22,2,7.135194301605225,2,4867.296419462264,66104.44416149845,27.436394570341132,58.0,5.030693531036377,77,2026-02-20 07:59:24,2026-02-20 07:59:24
500.0,24,1,5.233553886413574,1,21032.57161476175,40007.528644782426,63.0,1.0,5.030693531036377,78,2026-02-20 08:09:17,2026-02-20 08:09:17
500.0,25,8,11.898927688598633,1,9668.935251125384,43670.25362958468,38.0,9.0,10.030693531036377,82,2026-02-20 08:14:32,2026-02-20 08:14:32
500.0,25,10,10.906269073486328,2,20578.026160216294,40381.16341712016,62.0,1.8160804294901964,10.030693531036377,84,2026-02-20 08:14:32,2026-02-20 08:14:32
500.0,26,7,13.368366241455078,3,6839.23199108582,52631.78039458988,31.774652827912956,28.573463587223777,10.030693531036377,87,2026-02-20 08:19:24,2026-02-20 08:19:24
500.0,26,13,15.21542739868164,1,18305.29888748902,40923.20989098299,57.0,3.0,15.030693531036377,91,2026-02-20 08:19:24,2026-02-20 08:19:24
500.0,27,4,3.097059726715088,2,21393.46694354035,50174.35138324455,63.79396972331291,23.206030276687088,5.030693531036377,93,2026-02-20 08:24:26,2026-02-20 08:24:26
500.0,27,10,12.275108337402344,3,6169.200224151612,54419.729827548574,30.3005829406577,32.47864225147497,10.030693531036377,98,2026-02-20 08:24:26,2026-02-20 08:24:26
500.0,27,16,18.0,1,19214.389796579933,44128.094252684954,59.0,10.0,15.030693531036377,101,2026-02-20 08:24:26,2026-02-20 08:24:26
500.0,27,17,15.997699737548828,1,20123.480705670838,40923.20989098299,61.0,3.0,15.030693531036377,102,2026-02-20 08:24:26,2026-02-20 08:24:26
500.0,27,18,16.97107696533203,1,20123.480705670838,42754.57238338411,61.0,7.0,15.030693531036377,103,2026-02-20 08:24:26,2026-02-20 08:24:26
500.0,27,19,15.370877265930176,1,21487.117069307205,40007.528644782426,64.0,1.0,15.030693531036377,104,2026-02-20 08:24:26,2026-02-20 08:24:26
500.0,28,7,12.553864479064941,14,5611.244991112549,56593.564693132845,29.07308142797176,37.22665882297116,10.030693531036377,108,2026-02-20 08:29:17,2026-02-20 08:29:17
500.0,28,17,18.08905601501465,4,18985.897195356105,45085.332463433166,58.497316277307576,12.09076731607222,15.030693531036377,115,2026-02-20 08:29:17,2026-02-20 08:29:17
500.0,29,21,15.817931175231934,2,5578.026160216294,58136.37337233771,29.0,40.59640934610668,15.030693531036377,124,2026-02-20 08:34:09,2026-02-20 08:34:09
500.0,29,22,18.394306182861328,1,9668.935251125384,49622.18172988833,38.0,22.0,15.030693531036377,125,2026-02-20 08:34:09,2026-02-20 08:34:09
500.0,29,26,29.174571990966797,2,20123.480705670838,53003.76193872909,61.0,29.385933091612287,15.030693531036377,129,2026-02-20 08:34:09,2026-02-20 08:34:09
500.0,29,27,16.118295669555664,3,20918.948629381866,40110.81802812121,62.75002943216426,1.225601176757453,15.030693531036377,130,2026-02-20 08:34:09,2026-02-20 08:34:09
500.0,30,2,5.7904534339904785,6,5286.994825629851,59504.38933109802,28.359731063909827,43.58438352257173,5.030693531036377,131,2026-02-20 08:39:11,2026-02-20 08:39:11
500.0,30,5,8.179301261901855,1,10578.026160216295,48248.65986058749,40.0,19.0,5.030693531036377,134,2026-02-20 08:39:11,2026-02-20 08:39:11
500.0,30,14,5.8396711349487305,1,22396.207978398113,52827.0660915903,66.0,29.0,5.030693531036377,141,2026-02-20 08:39:11,2026-02-20 08:39:11
500.0,30,16,10.163739204406738,1,-2149.2465670564334,40465.36926788271,12.0,2.0,10.030693531036377,142,2026-02-20 08:39:11,2026-02-20 08:39:11
500.0,30,18,12.01123332977295,1,16487.117069307205,56489.791076392554,53.0,37.0,10.030693531036377,143,2026-02-20 08:39:11,2026-02-20 08:39:11
500.0,30,23,11.32497501373291,8,21406.185417453802,39664.50693185903,63.82195036592251,0.2507835792276103,10.030693531036377,148,2026-02-20 08:39:11,2026-02-20 08:39:11
500.0,30,27,15.517457962036133,1,16941.66252385266,51453.54422228946,54.0,26.0,15.030693531036377,151,2026-02-20 08:39:11,2026-02-20 08:39:11
500.0,31,2,6.263998508453369,1,5123.48070567084,45043.77549888552,28.0,12.0,5.030693531036377,152,2026-02-20 08:44:16,2026-02-20 08:44:16
500.0,31,3,5.345776081085205,1,5123.48070567084,58778.99419189396,28.0,42.0,5.030693531036377,153,2026-02-20 08:44:16,2026-02-20 08:44:16
500.0,31,4,5.963425159454346,1,5578.026160216294,46875.13799128665,29.0,16.0,5.030693531036377,154,2026-02-20 08:44:16,2026-02-20 08:44:16
500.0,31,19,8.560958862304688,4,4650.65592358034,64473.17544167994,26.9597854794009,54.437038048803224,10.030693531036377,165,2026-02-20 08:44:16,2026-02-20 08:44:16
500.0,31,22,11.498592376708984,8,15770.658115870838,54920.43999662586,51.42379030244,33.57227646349991,10.030693531036377,168,2026-02-20 08:44:16,2026-02-20 08:44:16
500.0,31,29,8.936500549316406,5,19062.493185750292,48798.357943342926,58.66582745617479,20.200631955795316,10.030693531036377,175,2026-02-20 08:44:16,2026-02-20 08:44:16
500.0,31,34,22.962570190429688,15,21008.455630834516,39911.9606559694,62.946944835360085,0.791263631947105,15.030693531036377,178,2026-02-20 08:44:16,2026-02-20 08:44:16
800.0,0,1,5.7997541427612305,12,-6847.508478328602,55317.04926230736,1.6638237952012302,34.43853700411305,6.0,1,2026-02-20 06:20:57,2026-02-20 06:20:57
800.0,0,3,7.500000476837158,3,3799.293366064743,60957.80271474693,25.08678785286659,46.75887986544117,6.0,3,2026-02-20 06:20:57,2026-02-20 06:20:57
800.0,1,1,6.667535781860352,2,-7149.246567056433,57055.24407708601,1.0,38.235043314558844,6.0,4,2026-02-20 06:25:20,2026-02-20 06:25:20
800.0,1,2,6.733319282531738,3,21727.2393624888,61425.10833373583,64.5282690449995,47.77955298925558,6.0,5,2026-02-20 06:25:20,2026-02-20 06:25:20
800.0,2,3,6.1436591148376465,2,22396.207978398113,64255.57471677716,66.0,53.961761907011166,6.0,7,2026-02-20 06:29:43,2026-02-20 06:29:43
800.0,2,7,17.12347412109375,1,6032.571614761748,39549.688021682145,30.0,0.0,16.0,8,2026-02-20 06:29:43,2026-02-20 06:29:43
800.0,3,1,7.408852577209473,1,22396.207978398113,52827.0660915903,66.0,29.0,6.0,9,2026-02-20 06:34:05,2026-02-20 06:34:05
800.0,4,1,6.5,1,1941.6625238526576,52827.0660915903,21.0,29.0,6.0,10,2026-02-20 06:38:28,2026-02-20 06:38:28
800.0,4,2,7.010831356048584,1,2850.7534329435657,54200.58796089115,23.0,32.0,6.0,11,2026-02-20 06:38:28,2026-02-20 06:38:28
800.0,4,3,10.337862968444824,1,4214.38979657993,56489.791076392554,26.0,37.0,6.0,12,2026-02-20 06:38:28,2026-02-20 06:38:28
800.0,4,6,15.846454620361328,1,8759.844342034476,46875.13799128665,36.0,16.0,11.0,13,2026-02-20 06:38:28,2026-02-20 06:38:28
800.0,5,11,23.90799903869629,17,7528.233647611132,55543.98995784276,33.290456472268644,34.93421319378504,16.0,19,2026-02-20 06:42:52,2026-02-20 06:42:52
800.0,6,3,6.44096040725708,2,3123.7374596462973,59694.67543809452,23.600564858746008,44.0,6.0,22,2026-02-20 06:47:15,2026-02-20 06:47:15
800.0,6,11,21.87506866455078,22,6732.499424313475,56096.57126731374,31.5398411810138,36.14114259583146,16.0,26,2026-02-20 06:47:15,2026-02-20 06:47:15
800.0,7,5,22.334108352661133,36,6357.886866531935,57509.85719732526,30.71569355389441,39.227993911997814,16.0,27,2026-02-20 06:51:37,2026-02-20 06:51:37
800.0,8,3,10.0,1,10578.026160216295,50537.862976088894,40.0,24.0,6.0,29,2026-02-20 06:55:49,2026-02-20 06:55:49
800.0,8,7,19.85651397705078,38,5972.407407396045,58725.19399112119,29.867638743795453,41.88249142155963,16.0,30,2026-02-20 06:55:49,2026-02-20 06:55:49
800.0,9,5,20.68394660949707,43,5848.797915567372,61446.89642097166,29.595697861772372,47.82714179229427,16.0,32,2026-02-20 07:00:12,2026-02-20 07:00:12
800.0,10,7,19.39179229736328,15,4983.603438685699,63907.136859465136,27.69227001263269,53.20071572689597,16.0,36,2026-02-20 07:04:34,2026-02-20 07:04:34
800.0,11,9,22.46059226989746,18,6449.23198043756,61791.60533098843,30.916652804486784,48.5800433318793,16.0,42,2026-02-20 07:08:56,2026-02-20 07:08:56
800.0,12,3,7.47815465927124,1,16032.571614761748,49164.34110678805,52.0,21.0,6.0,44,2026-02-20 07:13:18,2026-02-20 07:13:18
800.0,12,8,11.716265678405762,7,5133.600778502324,70500.5384926292,28.022264160229266,67.60180051600153,11.0,47,2026-02-20 07:13:18,2026-02-20 07:13:18
800.0,12,10,15.60417366027832,16,5077.078387517195,63046.38067896929,27.89791490006198,51.320681197265976,16.0,48,2026-02-20 07:13:18,2026-02-20 07:13:18
800.0,13,7,11.405084609985352,1,5123.48070567084,71598.53163870184,28.0,70.0,11.0,52,2026-02-20 07:17:36,2026-02-20 07:17:36
800.0,13,10,18.995258331298828,11,4659.600318612608,64777.48909515146,26.97946314847189,55.10170963563371,16.0,54,2026-02-20 07:17:36,2026-02-20 07:17:36
800.0,14,2,6.772380352020264,2,3535.2463303645686,77324.23353306342,24.505884374326204,82.5058843743262,6.0,55,2026-02-20 07:21:41,2026-02-20 07:21:41
800.0,14,8,3.6353955268859863,5,14532.186804158666,52051.91132762685,48.69915341667322,27.306933188421617,6.0,60,2026-02-20 07:21:41,2026-02-20 07:21:41
800.0,14,9,6.525815963745117,1,17850.753432943566,71140.69101560157,56.0,69.0,6.0,61,2026-02-20 07:21:41,2026-02-20 07:21:41
800.0,14,10,7.705854892730713,1,21487.117069307205,53742.74733779087,64.0,31.0,6.0,62,2026-02-20 07:21:41,2026-02-20 07:21:41
800.0,14,11,8.741743087768555,1,21941.66252385266,56947.631699492835,65.0,38.0,6.0,63,2026-02-20 07:21:41,2026-02-20 07:21:41
800.0,14,16,17.40309715270996,1,4214.38979657993,67020.12540769903,26.0,60.0,16.0,64,2026-02-20 07:21:41,2026-02-20 07:21:41
800.0,14,17,16.343019485473633,2,10558.123101757663,46875.13799128665,39.95621327139101,16.0,16.0,65,2026-02-20 07:21:41,2026-02-20 07:21:41
800.0,15,1,5.711278915405273,19,3183.92789334633,78342.92439364342,23.73298381288608,84.73087448918736,6.0,66,2026-02-20 07:26:16,2026-02-20 07:26:16
800.0,15,8,7.775217056274414,3,21787.397294603987,57044.38100052632,64.66061649565292,38.21131655024044,6.0,70,2026-02-20 07:26:16,2026-02-20 07:26:16
800.0,15,13,13.070573806762695,7,5882.695645558538,69814.27819606116,29.67027286775294,66.10289399276422,11.0,74,2026-02-20 07:26:16,2026-02-20 07:26:16
800.0,15,14,13.201862335205078,1,6032.571614761748,52369.225468490025,30.0,28.0,11.0,75,2026-02-20 07:26:16,2026-02-20 07:26:16
800.0,15,16,11.2144136428833,1,6941.662523852658,53284.90671469059,32.0,30.0,11.0,77,2026-02-20 07:26:16,2026-02-20 07:26:16
800.0,15,17,14.167036056518555,1,13305.29888748902,52827.0660915903,46.0,29.0,11.0,78,2026-02-20 07:26:16,2026-02-20 07:26:16
800.0,15,18,11.938852310180664,1,14214.389796579931,53284.90671469059,48.0,30.0,11.0,79,2026-02-20 07:26:16,2026-02-20 07:26:16
800.0,16,10,11.018630981445312,2,3094.3345248809683,78466.14098520606,23.535878402262284,85.0,11.0,84,2026-02-20 07:31:04,2026-02-20 07:31:04
800.0,16,13,14.579894065856934,4,5366.105357418553,71246.62950787412,28.53377423384497,69.23138727086992,11.0,86,2026-02-20 07:31:04,2026-02-20 07:31:04
800.0,16,15,11.2373628616333,1,11941.66252385266,53742.74733779087,43.0,31.0,11.0,87,2026-02-20 07:31:04,2026-02-20 07:31:04
800.0,16,17,22.756494522094727,2,5578.026160216294,54474.70643789452,29.0,32.59872030390656,16.0,88,2026-02-20 07:31:04,2026-02-20 07:31:04
800.0,16,18,16.551193237304688,2,6445.563711898259,53284.90671469059,30.90858261370032,30.0,16.0,89,2026-02-20 07:31:04,2026-02-20 07:31:04
800.0,17,8,12.01582145690918,2,5233.629031957057,72514.2128849024,28.24232631782968,72.0,11.0,92,2026-02-20 07:35:28,2026-02-20 07:35:28
800.0,17,9,14.413187980651855,1,15123.48070567084,56947.631699492835,50.0,38.0,11.0,93,2026-02-20 07:35:28,2026-02-20 07:35:28
800.0,17,11,23.094058990478516,10,6050.741910992626,55389.048903683004,30.039974651707933,34.59579618502211,16.0,94,2026-02-20 07:35:28,2026-02-20 07:35:28
800.0,18,2,6.927731990814209,17,5511.871995314798,75936.10314474693,28.85446083721671,79.47397694130571,6.0,95,2026-02-20 07:40:06,2026-02-20 07:40:06
800.0,18,7,18.331758499145508,20,5666.027902001553,57349.371510408346,29.19360383192757,38.87746650394436,16.0,97,2026-02-20 07:40:06,2026-02-20 07:40:06
800.0,19,2,9.095759391784668,7,5204.340302047925,75537.35708229832,28.177891112029588,78.60304928148274,6.0,98,2026-02-20 07:45:08,2026-02-20 07:45:08
800.0,19,13,14.931982040405273,1,9214.389796579931,56489.791076392554,37.0,37.0,11.0,100,2026-02-20 07:45:08,2026-02-20 07:45:08
800.0,19,17,15.843891143798828,24,4845.1040932861615,59670.57903073779,27.387571452753708,43.94736944224486,16.0,101,2026-02-20 07:45:08,2026-02-20 07:45:08
800.0,19,19,17.679513931274414,2,9575.49147001097,44128.094252684954,37.79442368154829,10.0,16.0,103,2026-02-20 07:45:08,2026-02-20 07:45:08
800.0,19,21,19.03921890258789,1,14214.389796579931,57863.3129456934,48.0,40.0,16.0,105,2026-02-20 07:45:08,2026-02-20 07:45:08
800.0,20,3,-0.319561630487442,2,8234.316591880955,58392.65044138431,34.843838949662256,41.156161050337744,6.0,106,2026-02-20 07:49:39,2026-02-20 07:49:39
800.0,20,6,12.577658653259277,1,5123.48070567084,77550.4597390055,28.0,83.0,11.0,107,2026-02-20 07:49:39,2026-02-20 07:49:39
800.0,20,9,16.267478942871094,16,4080.4338457791164,61974.839606387286,25.70529690823821,48.98025743729895,16.0,109,2026-02-20 07:49:39,2026-02-20 07:49:39
800.0,21,2,8.915887832641602,3,4368.2237808178015,77892.18569508141,26.338434765323317,83.74638627250224,6.0,110,2026-02-20 07:54:32,2026-02-20 07:54:32
800.0,21,6,9.988449096679688,1,15578.026160216295,56947.631699492835,51.0,38.0,6.0,114,2026-02-20 07:54:32,2026-02-20 07:54:32
800.0,21,10,17.66115951538086,10,3647.4036413979356,64795.518806177606,24.75263045859961,55.14108952050295,16.0,115,2026-02-20 07:54:32,2026-02-20 07:54:32
800.0,22,4,11.51677417755127,1,3759.8443420344756,79839.6628545069,25.0,88.0,11.0,116,2026-02-20 07:59:24,2026-02-20 07:59:24
800.0,22,5,11.319658279418945,1,4668.935251125386,66562.28478459874,27.0,59.0,11.0,117,2026-02-20 07:59:24,2026-02-20 07:59:24
800.0,23,1,7.304399013519287,2,4214.38979657993,82001.35619685541,26.0,92.72149746719839,6.0,118,2026-02-20 08:04:26,2026-02-20 08:04:26
800.0,23,2,6.372239589691162,1,16032.571614761748,57863.3129456934,52.0,40.0,6.0,119,2026-02-20 08:04:26,2026-02-20 08:04:26
800.0,24,8,16.6528263092041,1,19214.389796579933,40007.528644782426,59.0,1.0,16.0,123,2026-02-20 08:09:17,2026-02-20 08:09:17
800.0,25,7,11.4492769241333,9,18035.393084720745,40027.59823127045,56.4062072339098,1.0438353118430663,11.0,124,2026-02-20 08:14:32,2026-02-20 08:14:32
800.0,25,12,16.00840950012207,1,6487.117069307204,51911.38484538974,31.0,27.0,16.0,128,2026-02-20 08:14:32,2026-02-20 08:14:32
800.0,25,13,17.688304901123047,2,9409.216805014943,43670.25362958468,37.42861941855703,9.0,16.0,129,2026-02-20 08:14:32,2026-02-20 08:14:32
800.0,26,14,20.5124454498291,2,6487.117069307204,53142.74357770271,31.0,29.68949208564061,16.0,137,2026-02-20 08:19:24,2026-02-20 08:19:24
800.0,26,17,17.263439178466797,2,20578.026160216294,39593.348156993015,62.0,0.09536099050194244,16.0,140,2026-02-20 08:19:24,2026-02-20 08:19:24
800.0,27,13,11.60059928894043,8,5865.186175909863,55071.83336380701,29.631752034525853,33.90294473438421,16.0,147,2026-02-20 08:24:26,2026-02-20 08:24:26
800.0,27,18,20.957435607910156,10,19732.151556707027,42816.20956469504,60.13907587227962,7.134625846202874,16.0,152,2026-02-20 08:24:26,2026-02-20 08:24:26
800.0,28,9,13.168009757995605,6,20870.994541641703,40458.3554395288,62.6445304391359,1.984680633390693,11.0,157,2026-02-20 08:29:17,2026-02-20 08:29:17
800.0,28,13,12.519729614257812,3,5423.762420540277,56889.919680261155,28.660619772712764,37.87394736002043,16.0,160,2026-02-20 08:29:17,2026-02-20 08:29:17
800.0,28,16,16.485546112060547,1,6487.117069307204,39549.688021682145,31.0,0.0,16.0,163,2026-02-20 08:29:17,2026-02-20 08:29:17
800.0,28,17,15.899704933166504,3,17758.596062703375,45938.30858973507,55.79725378547158,13.953808914534912,16.0,164,2026-02-20 08:29:17,2026-02-20 08:29:17
800.0,28,18,16.1043643951416,3,19102.793846467375,45491.49478560055,58.754488909752375,12.977893319477175,16.0,165,2026-02-20 08:29:17,2026-02-20 08:29:17
800.0,29,20,16.84421157836914,4,5550.336126623975,42543.92909135543,28.9390819260969,6.539920047718117,16.0,175,2026-02-20 08:34:09,2026-02-20 08:34:09
800.0,29,21,16.72217559814453,8,5990.020325647165,58188.84603436481,29.90638716394792,40.711018359330055,16.0,176,2026-02-20 08:34:09,2026-02-20 08:34:09
800.0,29,23,15.581480979919434,4,16803.406455461616,50698.08905727436,53.6958366495397,24.3499603859974,16.0,178,2026-02-20 08:34:09,2026-02-20 08:34:09
800.0,29,25,16.33157730102539,4,18632.41550052144,48303.12681092477,57.719656548671324,19.11896487028271,16.0,180,2026-02-20 08:34:09,2026-02-20 08:34:09
800.0,29,27,17.58900260925293,1,19214.389796579933,40007.528644782426,59.0,1.0,16.0,182,2026-02-20 08:34:09,2026-02-20 08:34:09
800.0,30,1,8.078580856323242,1,-2149.2465670564334,40465.36926788271,12.0,2.0,6.0,185,2026-02-20 08:39:11,2026-02-20 08:39:11
800.0,30,19,11.347671508789062,1,5578.026160216294,56947.631699492835,29.0,38.0,11.0,196,2026-02-20 08:39:11,2026-02-20 08:39:11
800.0,30,30,16.12856101989746,1,4668.935251125386,62899.559799796494,27.0,51.0,16.0,202,2026-02-20 08:39:11,2026-02-20 08:39:11
800.0,30,31,25.669878005981445,1,6487.117069307204,41838.89113718355,31.0,5.0,16.0,203,2026-02-20 08:39:11,2026-02-20 08:39:11
800.0,30,32,16.036540985107422,1,17850.753432943566,55574.10983019199,56.0,35.0,16.0,204,2026-02-20 08:39:11,2026-02-20 08:39:11
800.0,30,33,16.41072654724121,1,18305.29888748902,49164.34110678805,57.0,21.0,16.0,205,2026-02-20 08:39:11,2026-02-20 08:39:11
800.0,30,35,18.880090713500977,9,20388.573642720617,39712.431691554324,61.58320446150952,0.35545921803565184,16.0,207,2026-02-20 08:39:11,2026-02-20 08:39:11
800.0,31,14,13.019118309020996,2,6032.571614761748,44702.78357481981,30.0,11.255216975381803,11.0,215,2026-02-20 08:44:16,2026-02-20 08:44:16
800.0,31,23,13.172057151794434,19,17895.338757478912,50781.77426042152,56.09808771397776,24.532742775599438,11.0,222,2026-02-20 08:44:16,2026-02-20 08:44:16
800.0,31,31,11.852729797363281,2,4772.956435792059,64626.1470193901,27.228846606266682,54.77115339373332,16.0,228,2026-02-20 08:44:16,2026-02-20 08:44:16
800.0,31,33,18.499902725219727,7,12586.491559006114,39840.53726259526,44.4186238773376,0.6352630724281715,16.0,230,2026-02-20 08:44:16,2026-02-20 08:44:16
800.0,31,34,17.5,2,14962.696946470664,57405.472322593116,49.646275729759616,39.0,16.0,231,2026-02-20 08:44:16,2026-02-20 08:44:16
800.0,31,36,25.56801414489746,32,20934.752769824154,40265.936283931536,62.78479854113729,1.564405223370731,16.0,233,2026-02-20 08:44:16,2026-02-20 08:44:16
1100.0,0,1,9.107955932617188,24,-6730.444571047387,55830.38146252975,1.9213643912199023,35.55973982955556,5.841026067733765,1,2026-02-20 06:20:57,2026-02-20 06:20:57
1100.0,0,4,6.338455677032471,1,3305.2988874890216,49622.18172988833,24.0,22.0,5.841026067733765,4,2026-02-20 06:20:57,2026-02-20 06:20:57
1100.0,0,5,6.914037704467773,3,4017.4023125355625,61201.701743642385,25.56662753510239,47.29159587312935,5.841026067733765,5,2026-02-20 06:20:57,2026-02-20 06:20:57
1100.0,0,8,7.386735916137695,2,16262.9770761253,62215.954309588,52.50689201499981,49.50689201499981,5.841026067733765,8,2026-02-20 06:20:57,2026-02-20 06:20:57
1100.0,0,10,6.130296230316162,2,21416.970450852736,60610.35668429508,63.84567743940017,46.0,5.841026067733765,10,2026-02-20 06:20:57,2026-02-20 06:20:57
1100.0,1,1,6.802611351013184,2,-7149.246567056433,57068.15713759937,1.0,38.263247584476886,5.841026067733765,11,2026-02-20 06:25:20,2026-02-20 06:25:20
1100.0,1,3,6.114111423492432,1,2850.7534329435657,63815.241045997056,23.0,53.0,5.841026067733765,13,2026-02-20 06:25:20,2026-02-20 06:25:20
1100.0,1,4,7.1918535232543945,1,3759.8443420344756,61068.19730739537,25.0,47.0,5.841026067733765,14,2026-02-20 06:25:20,2026-02-20 06:25:20
1100.0,2,1,8.0,1,2850.7534329435657,64273.08166909734,23.0,54.0,5.841026067733765,15,2026-02-20 06:29:43,2026-02-20 06:29:43
1100.0,2,2,9.629778861999512,1,22396.207978398113,64273.08166909734,66.0,54.0,5.841026067733765,16,2026-02-20 06:29:43,2026-02-20 06:29:43
1100.0,3,5,13.923762321472168,2,7396.207978398112,52046.93050309003,33.0,27.29605423997207,10.841026067733765,18,2026-02-20 06:34:05,2026-02-20 06:34:05
1100.0,4,8,24.58475112915039,17,7796.244187705831,54201.12417977794,33.88007966047698,32.00117119115197,15.841026067733765,23,2026-02-20 06:38:28,2026-02-20 06:38:28
1100.0,5,1,7.426426887512207,1,1487.1170693072036,54658.42858399143,20.0,33.0,5.841026067733765,24,2026-02-20 06:42:52,2026-02-20 06:42:52
1100.0,5,8,10.807360649108887,5,4101.46198684366,59219.7905701579,25.751558818580207,42.96277253704371,10.841026067733765,25,2026-02-20 06:42:52,2026-02-20 06:42:52
1100.0,5,14,22.04738426208496,27,7276.667584319148,55203.36037251497,32.73701113302628,34.19022157718011,15.841026067733765,28,2026-02-20 06:42:52,2026-02-20 06:42:52
1100.0,6,1,7.526548862457275,6,2010.1080058480436,58822.6926434777,21.15058006038985,42.09544467960889,5.841026067733765,30,2026-02-20 06:47:15,2026-02-20 06:47:15
1100.0,6,12,25.532732009887695,39,6749.703575671083,56523.817953710175,31.577690314000534,37.07432035429099,15.841026067733765,37,2026-02-20 06:47:15,2026-02-20 06:47:15
1100.0,7,7,22.484046936035156,59,6477.638953557362,58318.58261437153,30.979148145350347,40.99438460832781,15.841026067733765,40,2026-02-20 06:51:37,2026-02-20 06:51:37
1100.0,8,2,6.773134231567383,1,10123.48070567084,50080.02235298861,39.0,23.0,5.841026067733765,41,2026-02-20 06:55:49,2026-02-20 06:55:49
1100.0,8,6,23.60329818725586,63,6146.15627899537,59730.087158694354,30.249886261313968,44.077345082138066,15.841026067733765,42,2026-02-20 06:55:49,2026-02-20 06:55:49
1100.0,9,5,23.981752395629883,61,5989.98694273496,61373.35291105841,29.906313721541068,47.66651054595522,15.841026067733765,43,2026-02-20 07:00:12,2026-02-20 07:00:12
1100.0,10,5,24.252288818359375,45,5017.121669872144,64161.275851679005,27.766010121242868,53.7557975160412,15.841026067733765,46,2026-02-20 07:04:34,2026-02-20 07:04:34
1100.0,11,2,9.519135475158691,1,22396.207978398113,61526.037930495644,66.0,48.0,5.841026067733765,49,2026-02-20 07:08:56,2026-02-20 07:08:56
1100.0,11,6,19.230003356933594,62,6021.67450461523,63305.918974000466,29.97602635767766,51.88755596096367,15.841026067733765,50,2026-02-20 07:08:56,2026-02-20 07:08:56
1100.0,11,7,17.09766387939453,8,5543.794438395521,69719.25489937997,28.9246902119943,65.89534732283849,15.841026067733765,51,2026-02-20 07:08:56,2026-02-20 07:08:56
1100.0,12,5,14.427265167236328,16,5132.216689912115,70776.423067562,28.019219165330806,68.20437827125758,10.841026067733765,53,2026-02-20 07:13:18,2026-02-20 07:13:18
1100.0,12,8,23.969091415405273,50,5841.561572288817,63987.38967137609,29.579777906559553,53.37600120367941,15.841026067733765,55,2026-02-20 07:13:18,2026-02-20 07:13:18
1100.0,13,2,8.44994831085205,3,12907.6797097256,51237.56835256671,45.125237808920474,25.528272811922488,5.841026067733765,56,2026-02-20 07:17:36,2026-02-20 07:17:36
1100.0,13,3,6.51748514175415,1,22396.207978398113,55116.26920709171,66.0,34.0,5.841026067733765,57,2026-02-20 07:17:36,2026-02-20 07:17:36
1100.0,13,6,11.195446968078613,3,5282.709423572567,71514.39449463303,28.3503031793838,69.81623049632626,10.841026067733765,58,2026-02-20 07:17:36,2026-02-20 07:17:36
1100.0,13,8,26.162364959716797,37,5060.967876062111,65675.26978617266,27.862471774860797,57.06261184859564,15.841026067733765,59,2026-02-20 07:17:36,2026-02-20 07:17:36
1100.0,14,7,7.708739280700684,1,6487.117069307204,49164.34110678805,31.0,21.0,5.841026067733765,64,2026-02-20 07:21:41,2026-02-20 07:21:41
1100.0,14,10,9.530957221984863,12,15527.367401661026,52297.847748688706,50.888550731178405,27.844099199153668,5.841026067733765,67,2026-02-20 07:21:41,2026-02-20 07:21:41
1100.0,14,12,8.599964141845703,4,22194.852141095314,56694.307701792786,65.55701715793384,37.44669829430019,5.841026067733765,69,2026-02-20 07:21:41,2026-02-20 07:21:41
1100.0,14,16,14.0,1,5123.48070567084,74345.57537730352,28.0,76.0,10.841026067733765,71,2026-02-20 07:21:41,2026-02-20 07:21:41
1100.0,14,18,21.115537643432617,14,4024.9331130044434,67062.08705036531,25.58319529613393,60.09165120032849,15.841026067733765,72,2026-02-20 07:21:41,2026-02-20 07:21:41
1100.0,15,1,8.931039810180664,1,-7603.792021601888,44585.93487578524,0.0,11.0,5.841026067733765,74,2026-02-20 07:26:16,2026-02-20 07:26:16
1100.0,15,2,6.987058639526367,36,3351.09194160221,78508.20455135628,24.100744719049015,85.09187381815397,5.841026067733765,75,2026-02-20 07:26:16,2026-02-20 07:26:16
1100.0,15,9,6.510418891906738,2,22396.207978398113,64551.64212418727,66.0,54.6084223221689,5.841026067733765,77,2026-02-20 07:26:16,2026-02-20 07:26:16
1100.0,15,15,14.07553482055664,6,13340.845717299293,52951.74538706283,46.0782030255826,29.272320299208623,10.841026067733765,79,2026-02-20 07:26:16,2026-02-20 07:26:16
1100.0,15,16,11.57685375213623,1,21487.117069307205,58321.15356879368,64.0,41.0,10.841026067733765,80,2026-02-20 07:26:16,2026-02-20 07:26:16
1100.0,15,18,17.417583465576172,5,5823.585535497088,70228.00404964597,29.54023062561775,67.0065400056131,15.841026067733765,81,2026-02-20 07:26:16,2026-02-20 07:26:16
1100.0,15,19,17.96044158935547,2,6032.571614761748,52706.788973484436,30.0,28.737294787667807,15.841026067733765,82,2026-02-20 07:26:16,2026-02-20 07:26:16
1100.0,15,20,17.192602157592773,1,6487.117069307204,43212.41300648439,31.0,8.0,15.841026067733765,83,2026-02-20 07:26:16,2026-02-20 07:26:16
1100.0,16,9,6.353525161743164,2,18644.884661075288,61526.037930495644,57.74708870188979,48.0,5.841026067733765,88,2026-02-20 07:31:04,2026-02-20 07:31:04
1100.0,16,14,11.069644927978516,1,2850.7534329435657,78466.14098520606,23.0,85.0,10.841026067733765,91,2026-02-20 07:31:04,2026-02-20 07:31:04
1100.0,16,15,12.090649604797363,1,3759.8443420344756,79381.82223140662,25.0,87.0,10.841026067733765,92,2026-02-20 07:31:04,2026-02-20 07:31:04
1100.0,16,16,15.773193359375,13,5322.88294263476,71783.67899470798,28.438684921320625,70.40439259136163,10.841026067733765,93,2026-02-20 07:31:04,2026-02-20 07:31:04
1100.0,16,18,13.0,1,11487.117069307204,53284.90671469059,42.0,30.0,10.841026067733765,94,2026-02-20 07:31:04,2026-02-20 07:31:04
1100.0,16,19,12.328255653381348,1,19214.389796579933,55574.10983019199,59.0,35.0,10.841026067733765,95,2026-02-20 07:31:04,2026-02-20 07:31:04
1100.0,16,21,19.619184494018555,10,6278.641383104391,53971.6888276507,30.541353490353814,31.500046256947556,15.841026067733765,96,2026-02-20 07:31:04,2026-02-20 07:31:04
1100.0,17,1,6.634809494018555,3,4059.998821406044,80755.34410070747,25.66033985461745,90.0,5.841026067733765,97,2026-02-20 07:35:28,2026-02-20 07:35:28
1100.0,17,12,5.9161858558654785,1,17850.753432943566,64730.92229219762,56.0,55.0,5.841026067733765,104,2026-02-20 07:35:28,2026-02-20 07:35:28
1100.0,17,15,9.383199691772461,7,5203.984298607634,73351.96282961793,28.177107904460946,73.82978508775102,10.841026067733765,105,2026-02-20 07:35:28,2026-02-20 07:35:28
1100.0,17,17,13.165689468383789,1,15123.48070567084,56947.631699492835,50.0,38.0,10.841026067733765,107,2026-02-20 07:35:28,2026-02-20 07:35:28
1100.0,17,19,28.67112922668457,16,5799.314775051347,55634.282708019535,29.486834952637118,35.13142756407258,15.841026067733765,108,2026-02-20 07:35:28,2026-02-20 07:35:28
1100.0,18,4,5.907255172729492,3,11553.283708489322,58762.61316243712,42.14556660620066,41.964221109638736,5.841026067733765,110,2026-02-20 07:40:06,2026-02-20 07:40:06
1100.0,18,7,11.039834022521973,1,5578.026160216294,74803.41600040381,29.0,77.0,10.841026067733765,111,2026-02-20 07:40:06,2026-02-20 07:40:06
1100.0,18,9,23.04841423034668,25,5600.449695198578,57449.01717499043,29.049331776961026,39.095109193462235,15.841026067733765,112,2026-02-20 07:40:06,2026-02-20 07:40:06
1100.0,19,5,6.805538654327393,1,10578.026160216295,58778.99419189396,40.0,42.0,5.841026067733765,114,2026-02-20 07:45:08,2026-02-20 07:45:08
1100.0,19,6,8.179868698120117,1,16941.66252385266,61983.87855359593,54.0,49.0,5.841026067733765,115,2026-02-20 07:45:08,2026-02-20 07:45:08
1100.0,19,7,6.775101661682129,1,17850.753432943566,62899.559799796494,56.0,51.0,5.841026067733765,116,2026-02-20 07:45:08,2026-02-20 07:45:08
1100.0,19,11,12.093253135681152,1,5123.48070567084,74803.41600040381,28.0,77.0,10.841026067733765,117,2026-02-20 07:45:08,2026-02-20 07:45:08
1100.0,19,14,23.600439071655273,15,5238.494906006147,60012.23852160294,28.253031240737677,44.69361054368227,15.841026067733765,119,2026-02-20 07:45:08,2026-02-20 07:45:08
1100.0,20,6,8.5,3,16293.883706793475,54679.00658192882,52.574886602469796,33.04494576693096,5.841026067733765,122,2026-02-20 07:49:39,2026-02-20 07:49:39
1100.0,20,10,12.565476417541504,1,5123.48070567084,77550.4597390055,28.0,83.0,10.841026067733765,124,2026-02-20 07:49:39,2026-02-20 07:49:39
1100.0,20,11,12.653356552124023,1,8759.844342034476,58321.15356879368,36.0,41.0,10.841026067733765,125,2026-02-20 07:49:39,2026-02-20 07:49:39
1100.0,20,13,24.951833724975586,42,3339.7161108712644,62610.13563890998,24.075717891440934,50.36784953915477,15.841026067733765,126,2026-02-20 07:49:39,2026-02-20 07:49:39
1100.0,21,4,8.648547172546387,3,15578.026160216295,57405.667188955966,51.0,39.00042562051731,5.841026067733765,127,2026-02-20 07:54:32,2026-02-20 07:54:32
1100.0,21,7,11.184120178222656,4,4626.086542958688,79145.5959981723,26.905732842033267,86.48404265302037,10.841026067733765,128,2026-02-20 07:54:32,2026-02-20 07:54:32
1100.0,21,10,18.951377868652344,32,3364.307813947824,65105.23353542673,24.129819638209366,55.81755795432579,15.841026067733765,129,2026-02-20 07:54:32,2026-02-20 07:54:32
1100.0,21,11,17.902538299560547,1,8759.844342034476,58321.15356879368,36.0,41.0,15.841026067733765,130,2026-02-20 07:54:32,2026-02-20 07:54:32
1100.0,22,4,6.401577472686768,1,8759.844342034476,62441.719176696206,36.0,50.0,5.841026067733765,131,2026-02-20 07:59:24,2026-02-20 07:59:24
1100.0,22,5,7.731363296508789,1,16941.66252385266,55116.26920709171,54.0,34.0,5.841026067733765,132,2026-02-20 07:59:24,2026-02-20 07:59:24
1100.0,22,6,6.307814121246338,3,22341.69323789058,64467.006037642815,65.88006757088343,54.423563045219346,5.841026067733765,133,2026-02-20 07:59:24,2026-02-20 07:59:24
1100.0,22,8,10.679893493652344,8,2798.8851391793855,68040.38796382099,22.885889753718804,62.22842295909266,10.841026067733765,134,2026-02-20 07:59:24,2026-02-20 07:59:24
1100.0,22,10,11.074915885925293,1,3759.8443420344756,79839.6628545069,25.0,88.0,10.841026067733765,136,2026-02-20 07:59:24,2026-02-20 07:59:24
1100.0,22,11,15.157875061035156,8,4516.7965121226125,67031.98474867217,26.6652947741939,60.025902771346125,10.841026067733765,137,2026-02-20 07:59:24,2026-02-20 07:59:24
1100.0,22,12,11.408400535583496,1,4214.38979657993,85333.75033171027,26.0,100.0,10.841026067733765,138,2026-02-20 07:59:24,2026-02-20 07:59:24
1100.0,22,13,11.78736400604248,1,4668.935251125386,80755.34410070747,27.0,90.0,10.841026067733765,139,2026-02-20 07:59:24,2026-02-20 07:59:24
1100.0,23,2,6.795957088470459,1,2396.2079783981117,56947.631699492835,22.0,38.0,5.841026067733765,140,2026-02-20 08:04:26,2026-02-20 08:04:26
1100.0,23,6,6.124459743499756,2,16384.316492710223,57863.3129456934,52.77383873148664,40.0,5.841026067733765,143,2026-02-20 08:04:26,2026-02-20 08:04:26
1100.0,23,8,11.521087646484375,4,2187.338273364029,70983.14242557317,21.540486648925018,68.655887699607,10.841026067733765,144,2026-02-20 08:04:26,2026-02-20 08:04:26
1100.0,23,9,12.701571464538574,1,4668.935251125386,82586.7065931086,27.0,94.0,10.841026067733765,145,2026-02-20 08:04:26,2026-02-20 08:04:26
1100.0,24,1,6.534604072570801,1,-3967.428385238252,45959.456745086085,8.0,14.0,5.841026067733765,146,2026-02-20 08:09:17,2026-02-20 08:09:17
1100.0,24,2,6.025254726409912,1,3305.2988874890216,59236.83481499425,24.0,43.0,5.841026067733765,147,2026-02-20 08:09:17,2026-02-20 08:09:17
1100.0,24,3,7.097421169281006,3,4121.030038371546,83502.38783930914,25.794608531941556,96.0,5.841026067733765,148,2026-02-20 08:09:17,2026-02-20 08:09:17
1100.0,24,14,24.46349334716797,1,10123.48070567084,57863.3129456934,39.0,40.0,15.841026067733765,153,2026-02-20 08:09:17,2026-02-20 08:09:17
1100.0,24,15,16.587724685668945,1,19214.389796579933,40007.528644782426,59.0,1.0,15.841026067733765,154,2026-02-20 08:09:17,2026-02-20 08:09:17
1100.0,25,1,6.592782974243164,1,-2149.2465670564334,56947.631699492835,12.0,38.0,5.841026067733765,155,2026-02-20 08:14:32,2026-02-20 08:14:32
1100.0,25,3,6.0906147956848145,1,3759.8443420344756,84875.90970861,25.0,99.0,5.841026067733765,157,2026-02-20 08:14:32,2026-02-20 08:14:32
1100.0,25,4,6.920597076416016,3,4668.935251125386,61124.85719246475,27.0,47.123754604136494,5.841026067733765,158,2026-02-20 08:14:32,2026-02-20 08:14:32
1100.0,25,10,8.0,1,21487.117069307205,48706.50048368777,64.0,20.0,5.841026067733765,161,2026-02-20 08:14:32,2026-02-20 08:14:32
1100.0,25,11,6.459810733795166,1,21941.66252385266,45501.616121985804,65.0,13.0,5.841026067733765,162,2026-02-20 08:14:32,2026-02-20 08:14:32
1100.0,25,17,20.500640869140625,4,6529.276447549307,51562.41721422459,31.092750632132628,26.237796705757326,15.841026067733765,163,2026-02-20 08:14:32,2026-02-20 08:14:32
1100.0,25,18,17.26137351989746,1,9668.935251125384,43670.25362958468,38.0,9.0,15.841026067733765,164,2026-02-20 08:14:32,2026-02-20 08:14:32
1100.0,25,22,13.254499435424805,4,19347.29824278882,39922.52061146141,59.292398581659555,0.8143283294842186,15.841026067733765,168,2026-02-20 08:14:32,2026-02-20 08:14:32
1100.0,26,4,8.55770206451416,6,21154.470915503287,49117.94379986895,63.26817846163138,20.89866057187122,5.841026067733765,170,2026-02-20 08:19:24,2026-02-20 08:19:24
1100.0,26,6,6.945583343505859,2,22396.207978398113,59093.802571472464,66.0,42.687593812551555,5.841026067733765,172,2026-02-20 08:19:24,2026-02-20 08:19:24
1100.0,26,11,18.089712142944336,11,6276.191399147065,53534.978309378246,30.535963525647695,30.546197917070554,15.841026067733765,173,2026-02-20 08:19:24,2026-02-20 08:19:24
1100.0,26,15,17.987682342529297,26,19293.986924913454,42565.38761590145,59.175113682333745,6.5867890310789905,15.841026067733765,177,2026-02-20 08:19:24,2026-02-20 08:19:24
1100.0,27,4,7.721312522888184,2,14851.524963672382,51453.54422228946,49.4016973676034,26.0,5.841026067733765,179,2026-02-20 08:24:26,2026-02-20 08:24:26
1100.0,27,15,17.117128372192383,11,5763.935623929759,55189.802335551896,29.409000820169624,34.160608571520484,15.841026067733765,184,2026-02-20 08:24:26,2026-02-20 08:24:26
1100.0,27,17,17.05280303955078,1,10578.026160216295,46875.13799128665,40.0,16.0,15.841026067733765,186,2026-02-20 08:24:26,2026-02-20 08:24:26
1100.0,27,19,17.060903549194336,25,19169.915435701187,44223.993599712354,58.90215640606676,10.209460109454719,15.841026067733765,188,2026-02-20 08:24:26,2026-02-20 08:24:26
1100.0,28,2,9.5,3,5927.401885261993,39549.688021682145,29.76862659510054,0.0,5.841026067733765,191,2026-02-20 08:29:17,2026-02-20 08:29:17
1100.0,28,3,7.416075706481934,1,9214.389796579931,44128.094252684954,37.0,10.0,5.841026067733765,192,2026-02-20 08:29:17,2026-02-20 08:29:17
1100.0,28,7,7.019904613494873,1,15123.48070567084,55116.26920709171,50.0,34.0,5.841026067733765,195,2026-02-20 08:29:17,2026-02-20 08:29:17
1100.0,28,9,7.55360746383667,1,20123.480705670838,56031.95045329227,61.0,36.0,5.841026067733765,197,2026-02-20 08:29:17,2026-02-20 08:29:17
1100.0,28,12,6.721134662628174,1,22396.207978398113,56947.631699492835,66.0,38.0,5.841026067733765,200,2026-02-20 08:29:17,2026-02-20 08:29:17
1100.0,28,17,23.012130737304688,15,5450.33293585405,57234.40525419015,28.719074906403065,38.62636109647811,15.841026067733765,201,2026-02-20 08:29:17,2026-02-20 08:29:17
1100.0,28,18,15.490479469299316,4,16387.537429753094,49718.25468620824,52.780924792980954,22.209839300998116,15.841026067733765,202,2026-02-20 08:29:17,2026-02-20 08:29:17
1100.0,28,21,13.5221529006958,4,18891.120189173886,45279.07638166886,58.2888068637067,12.513936227829662,15.841026067733765,205,2026-02-20 08:29:17,2026-02-20 08:29:17
1100.0,29,20,20.984081268310547,12,5802.896057734174,58233.55789354105,29.49471377453934,40.80867648951841,15.841026067733765,218,2026-02-20 08:34:09,2026-02-20 08:34:09
1100.0,29,21,16.60220718383789,1,5123.48070567084,42296.73176028383,28.0,6.0,15.841026067733765,219,2026-02-20 08:34:09,2026-02-20 08:34:09
1100.0,29,23,18.01374053955078,9,16297.5067241959,51456.50571820951,52.58285724075513,26.00646839919969,15.841026067733765,221,2026-02-20 08:34:09,2026-02-20 08:34:09
1100.0,29,28,18.458707809448242,4,19344.499642690575,39801.939531442724,59.28624166144341,0.550959213825215,15.841026067733765,226,2026-02-20 08:34:09,2026-02-20 08:34:09
1100.0,30,12,6.105052471160889,1,16487.117069307205,61068.19730739537,53.0,47.0,5.841026067733765,233,2026-02-20 08:39:11,2026-02-20 08:39:11
1100.0,30,21,11.653287887573242,1,5578.026160216294,56947.631699492835,29.0,38.0,10.841026067733765,239,2026-02-20 08:39:11,2026-02-20 08:39:11
1100.0,30,22,12.812786102294922,2,6692.076005433564,41838.89113718355,31.450909659477993,5.0,10.841026067733765,240,2026-02-20 08:39:11,2026-02-20 08:39:11
1100.0,30,23,11.92370319366455,1,11941.66252385266,39549.688021682145,43.0,0.0,10.841026067733765,241,2026-02-20 08:39:11,2026-02-20 08:39:11
1100.0,30,29,11.499999046325684,1,22396.207978398113,67020.12540769903,66.0,60.0,10.841026067733765,245,2026-02-20 08:39:11,2026-02-20 08:39:11
1100.0,30,30,11.198793411254883,1,22396.207978398113,67935.80665389959,66.0,62.0,10.841026067733765,246,2026-02-20 08:39:11,2026-02-20 08:39:11
1100.0,30,32,17.624818801879883,6,4887.265909183314,62693.309995670716,27.480327447727444,50.54951615536177,15.841026067733765,247,2026-02-20 08:39:11,2026-02-20 08:39:11
1100.0,30,33,17.79073143005371,4,15258.341462281,54928.35699081269,50.29669366454235,33.58956849436695,15.841026067733765,248,2026-02-20 08:39:11,2026-02-20 08:39:11
1100.0,30,34,15.194283485412598,4,15842.870405351463,53640.461349135265,51.58265733929737,30.776590403964214,15.841026067733765,249,2026-02-20 08:39:11,2026-02-20 08:39:11
1100.0,30,39,21.221736907958984,36,19887.21532688041,40353.95540232315,60.48021616666106,1.7566536040312044,15.841026067733765,254,2026-02-20 08:39:11,2026-02-20 08:39:11
1100.0,31,13,4.567098140716553,3,22364.15112784601,68174.89007499364,65.92947492878537,62.522197920042764,5.841026067733765,261,2026-02-20 08:44:16,2026-02-20 08:44:16
1100.0,31,14,7.183388710021973,1,22396.207978398113,48248.65986058749,66.0,19.0,5.841026067733765,262,2026-02-20 08:44:16,2026-02-20 08:44:16
1100.0,31,15,7.149526119232178,1,22396.207978398113,49622.18172988833,66.0,22.0,5.841026067733765,263,2026-02-20 08:44:16,2026-02-20 08:44:16
1100.0,31,18,14.514650344848633,2,-3512.8829306927973,42054.20837654876,9.0,5.470288629932365,10.841026067733765,265,2026-02-20 08:44:16,2026-02-20 08:44:16
1100.0,31,20,13.143575668334961,2,4798.958276517439,46875.13799128665,27.286050655862518,16.0,10.841026067733765,267,2026-02-20 08:44:16,2026-02-20 08:44:16
1100.0,31,24,11.267106056213379,1,11032.571614761748,50995.703599189175,41.0,25.0,10.841026067733765,269,2026-02-20 08:44:16,2026-02-20 08:44:16
1100.0,31,27,11.019820213317871,1,17396.20797839811,46417.297368186366,55.0,15.0,10.841026067733765,271,2026-02-20 08:44:16,2026-02-20 08:44:16
1100.0,31,29,16.457494735717773,1,5123.48070567084,62441.719176696206,28.0,50.0,15.841026067733765,272,2026-02-20 08:44:16,2026-02-20 08:44:16
1100.0,31,30,19.63966941833496,9,12562.235403216233,39830.52516512338,44.36526033459987,0.6133949878443178,15.841026067733765,273,2026-02-20 08:44:16,2026-02-20 08:44:16
1100.0,31,35,16.331300735473633,5,15645.002340848576,56319.0902137949,51.14734759739102,36.62716095080916,15.841026067733765,278,2026-02-20 08:44:16,2026-02-20 08:44:16
1100.0,31,39,26.34368896484375,95,20186.76130205899,41348.54494093456,61.13921731205393,3.9290024268082755,15.841026067733765,282,2026-02-20 08:44:16,2026-02-20 08:44:16
1400.0,0,3,7.139153480529785,1,3759.8443420344756,50995.703599189175,25.0,25.0,5.923679351806641,1,2026-02-20 06:20:57,2026-02-20 06:20:57
1400.0,0,5,6.585046768188477,2,16032.571614761748,62333.817526751416,52.0,49.76432486655698,5.923679351806641,3,2026-02-20 06:20:57,2026-02-20 06:20:57
1400.0,0,6,5.974182605743408,1,22396.207978398113,65188.7629152979,66.0,56.0,5.923679351806641,4,2026-02-20 06:20:57,2026-02-20 06:20:57
1400.0,0,8,11.47456169128418,5,-6858.636247989889,55705.17085514593,1.6393427019463975,35.286259056844834,10.92367935180664,5,2026-02-20 06:20:57,2026-02-20 06:20:57
1400.0,0,10,11.46549129486084,1,1941.6625238526576,59236.83481499425,21.0,43.0,10.92367935180664,7,2026-02-20 06:20:57,2026-02-20 06:20:57
1400.0,1,3,8.310264587402344,1,2850.7534329435657,61983.87855359593,23.0,49.0,5.923679351806641,9,2026-02-20 06:25:20,2026-02-20 06:25:20
1400.0,1,5,10.981504440307617,1,-7149.246567056433,56489.791076392554,1.0,37.0,10.92367935180664,10,2026-02-20 06:25:20,2026-02-20 06:25:20
1400.0,3,5,19.17099380493164,2,8048.236600991354,52369.225468490025,34.43446296970513,28.0,15.92367935180664,11,2026-02-20 06:34:05,2026-02-20 06:34:05
1400.0,4,8,8.511015892028809,1,16941.66252385266,64273.08166909734,54.0,54.0,5.923679351806641,18,2026-02-20 06:38:28,2026-02-20 06:38:28
1400.0,4,12,30.205629348754883,24,7713.753816588101,54224.34990609455,33.698600844017975,32.05190003683485,15.92367935180664,19,2026-02-20 06:38:28,2026-02-20 06:38:28
1400.0,5,7,7.681471347808838,1,16032.571614761748,61983.87855359593,52.0,49.0,5.923679351806641,25,2026-02-20 06:42:52,2026-02-20 06:42:52
1400.0,5,11,25.099327087402344,35,7204.847039098508,55452.09453650442,32.57900593354087,34.73349832336557,15.92367935180664,26,2026-02-20 06:42:52,2026-02-20 06:42:52
1400.0,6,1,8.515220642089844,8,2060.214331546256,58494.8314261785,21.260813976925917,41.37934130049177,5.923679351806641,28,2026-02-20 06:47:15,2026-02-20 06:47:15
1400.0,6,7,26.442272186279297,48,6772.791637827242,56903.54629022169,31.628484050744085,37.90371014050125,15.92367935180664,30,2026-02-20 06:47:15,2026-02-20 06:47:15
1400.0,7,6,23.459192276000977,55,6414.996571810998,58816.549779895875,30.841334905508347,42.08202764478959,15.92367935180664,32,2026-02-20 06:51:37,2026-02-20 06:51:37
1400.0,8,5,23.83553123474121,80,6255.40605391852,60448.17749623243,30.4902357661449,45.645773704036,15.92367935180664,33,2026-02-20 06:55:49,2026-02-20 06:55:49
1400.0,9,5,18.198686599731445,100,6386.059526782518,61823.034626458444,30.777673406445693,48.648690135776235,15.92367935180664,34,2026-02-20 07:00:12,2026-02-20 07:00:12
1400.0,10,5,10.74495792388916,85,6095.559946968611,62585.44204859358,30.1385743308551,50.313914634582105,15.92367935180664,35,2026-02-20 07:04:34,2026-02-20 07:04:34
1400.0,11,2,9.528329849243164,1,22396.207978398113,61526.037930495644,66.0,48.0,5.923679351806641,37,2026-02-20 07:08:56,2026-02-20 07:08:56
1400.0,11,6,22.48997688293457,76,5963.741222975191,63196.97807764142,29.848573138069575,51.64961094066085,15.92367935180664,38,2026-02-20 07:08:56,2026-02-20 07:08:56
1400.0,11,8,18.393308639526367,10,5583.224579161924,69799.21789936959,29.011436521680388,66.0699998022278,15.92367935180664,40,2026-02-20 07:08:56,2026-02-20 07:08:56
1400.0,12,2,8.515507698059082,1,14214.389796579931,49164.34110678805,48.0,21.0,5.923679351806641,41,2026-02-20 07:13:18,2026-02-20 07:13:18
1400.0,12,7,25.585500717163086,56,5912.952161788024,64070.9288191901,29.736837203457807,53.558464584163914,15.92367935180664,43,2026-02-20 07:13:18,2026-02-20 07:13:18
1400.0,12,8,16.885536193847656,4,5416.995390900744,71006.29980984303,28.64573230750579,68.70646727490342,15.92367935180664,44,2026-02-20 07:13:18,2026-02-20 07:13:18
1400.0,13,4,6.51585578918457,3,16898.597653935045,51625.61734329712,53.90525728618125,26.375836289585788,5.923679351806641,47,2026-02-20 07:17:36,2026-02-20 07:17:36
1400.0,13,5,7.510924339294434,3,21734.553460422412,54200.58796089115,64.54436006045346,32.0,5.923679351806641,48,2026-02-20 07:17:36,2026-02-20 07:17:36
1400.0,13,10,12.3472900390625,15,5046.168538939074,71762.96676732259,27.829913233190116,70.3591536450114,10.92367935180664,51,2026-02-20 07:17:36,2026-02-20 07:17:36
1400.0,13,16,26.19613265991211,43,5172.071079001705,65781.0062831714,28.106898821327903,57.293557928222086,15.92367935180664,56,2026-02-20 07:17:36,2026-02-20 07:17:36
1400.0,14,5,8.044598579406738,14,15643.730533465061,52474.38029845859,51.144549621147284,28.22967562217723,5.923679351806641,59,2026-02-20 07:21:41,2026-02-20 07:21:41
1400.0,14,6,6.12147855758667,9,21976.26670137286,56311.14607963217,65.07612919054444,36.609809641724915,5.923679351806641,60,2026-02-20 07:21:41,2026-02-20 07:21:41
1400.0,14,11,13.85816764831543,25,3871.171311820758,77863.09641560754,25.244919333529822,83.68285045238017,10.92367935180664,63,2026-02-20 07:21:41,2026-02-20 07:21:41
1400.0,14,14,17.802867889404297,31,4966.203727521857,68017.29606529935,27.653990648072238,62.177986415552105,15.92367935180664,65,2026-02-20 07:21:41,2026-02-20 07:21:41
1400.0,15,16,6.553143501281738,2,22396.207978398113,64471.768175689904,66.0,54.433964346036305,5.923679351806641,75,2026-02-20 07:26:16,2026-02-20 07:26:16
1400.0,15,24,8.783130645751953,4,16459.93399006035,55139.68193384847,52.940197225656924,34.05113728571795,10.92367935180664,79,2026-02-20 07:26:16,2026-02-20 07:26:16
1400.0,15,28,14.99822998046875,5,3309.1733657943096,77967.27890727864,24.008523852271633,83.91040232614276,15.92367935180664,82,2026-02-20 07:26:16,2026-02-20 07:26:16
1400.0,15,32,18.044795989990234,16,5713.025725364427,70604.64639727442,29.296999043325894,67.82918947930551,15.92367935180664,86,2026-02-20 07:26:16,2026-02-20 07:26:16
1400.0,15,33,21.26971435546875,3,6275.915693490647,52668.02568221948,30.535356973203577,28.65262931826827,15.92367935180664,87,2026-02-20 07:26:16,2026-02-20 07:26:16
1400.0,16,8,5.177143096923828,6,14073.057078184518,55464.02264228391,47.68906801953009,34.7595512884754,5.923679351806641,92,2026-02-20 07:31:04,2026-02-20 07:31:04
1400.0,16,11,6.6259565353393555,3,18433.52751787285,61526.037930495644,57.28210298684442,48.0,5.923679351806641,95,2026-02-20 07:31:04,2026-02-20 07:31:04
1400.0,16,13,6.945878982543945,3,20917.88096892186,61068.19730739537,62.747680579152245,47.0,5.923679351806641,97,2026-02-20 07:31:04,2026-02-20 07:31:04
1400.0,16,20,16.2517032623291,1,2396.2079783981117,79839.6628545069,22.0,88.0,15.92367935180664,99,2026-02-20 07:31:04,2026-02-20 07:31:04
1400.0,16,21,18.54916763305664,5,5319.474867803789,71870.30626227253,28.431187156692488,70.59360093853265,15.92367935180664,100,2026-02-20 07:31:04,2026-02-20 07:31:04
1400.0,16,22,18.038469314575195,10,6564.48064553596,53782.944488186484,31.170199867703264,31.08779725600455,15.92367935180664,101,2026-02-20 07:31:04,2026-02-20 07:31:04
1400.0,17,5,6.063323020935059,4,4816.516495477974,85757.19371413981,27.324678737575695,100.92487071060268,5.923679351806641,104,2026-02-20 07:35:28,2026-02-20 07:35:28
1400.0,17,14,7.009934425354004,8,20463.86698296888,61801.18480426625,61.74884981005569,48.60096649333439,5.923679351806641,112,2026-02-20 07:35:28,2026-02-20 07:35:28
1400.0,17,24,17.0,1,2850.7534329435657,80297.50347760718,23.0,89.0,15.92367935180664,117,2026-02-20 07:35:28,2026-02-20 07:35:28
1400.0,17,25,22.90198516845703,19,5914.298186580117,55821.885720028135,29.73979845800041,35.54118371619872,15.92367935180664,118,2026-02-20 07:35:28,2026-02-20 07:35:28
1400.0,17,26,16.159770965576172,1,5578.026160216294,73887.73475420324,29.0,75.0,15.92367935180664,119,2026-02-20 07:35:28,2026-02-20 07:35:28
1400.0,18,6,6.976769924163818,2,9956.77866706889,54658.42858399143,38.63325551507571,33.0,5.923679351806641,121,2026-02-20 07:40:06,2026-02-20 07:40:06
1400.0,18,7,7.073659420013428,1,11941.66252385266,59694.67543809452,43.0,44.0,5.923679351806641,122,2026-02-20 07:40:06,2026-02-20 07:40:06
1400.0,18,8,6.143064975738525,1,15578.026160216295,59694.67543809452,51.0,44.0,5.923679351806641,123,2026-02-20 07:40:06,2026-02-20 07:40:06
1400.0,18,12,13.272418975830078,4,3909.958802126144,82829.9706478183,25.33025181220167,94.5313291185532,10.92367935180664,125,2026-02-20 07:40:06,2026-02-20 07:40:06
1400.0,18,18,19.116533279418945,24,5096.497791139517,58183.20252415394,27.94063758803109,40.69869199525022,15.92367935180664,129,2026-02-20 07:40:06,2026-02-20 07:40:06
1400.0,18,19,16.865089416503906,2,5418.743610695611,74642.9787526164,28.649578391054497,76.64957839105449,15.92367935180664,130,2026-02-20 07:40:06,2026-02-20 07:40:06
1400.0,19,9,6.697086811065674,2,11245.983174916691,59236.83481499425,41.469505432340874,43.0,5.923679351806641,137,2026-02-20 07:45:08,2026-02-20 07:45:08
1400.0,19,10,8.156368255615234,1,16941.66252385266,61983.87855359593,54.0,49.0,5.923679351806641,138,2026-02-20 07:45:08,2026-02-20 07:45:08
1400.0,19,18,22.90384292602539,31,4313.367396129331,60533.14862122623,26.21775071900868,45.831364760632134,15.92367935180664,142,2026-02-20 07:45:08,2026-02-20 07:45:08
1400.0,19,19,16.38762092590332,3,4994.402282789619,76504.7643325713,27.716027469661313,80.71602746966131,15.92367935180664,143,2026-02-20 07:45:08,2026-02-20 07:45:08
1400.0,20,7,6.729983329772949,2,15343.621332699868,56947.631699492835,50.48430937946386,38.0,5.923679351806641,147,2026-02-20 07:49:39,2026-02-20 07:49:39
1400.0,20,9,6.658663272857666,2,16487.117069307205,56778.01170352551,53.0,37.62952174313686,5.923679351806641,149,2026-02-20 07:49:39,2026-02-20 07:49:39
1400.0,20,12,13.486115455627441,31,4860.10597370023,78180.71100755762,27.420575589664658,84.37657349905818,10.92367935180664,150,2026-02-20 07:49:39,2026-02-20 07:49:39
1400.0,20,14,13.470869064331055,4,4898.532257262401,85493.26980572414,27.505113413501434,100.34841703851806,10.92367935180664,152,2026-02-20 07:49:39,2026-02-20 07:49:39
1400.0,20,16,23.95881462097168,34,3105.7256233415224,63044.30031283708,23.560938818875503,51.31613733193981,15.92367935180664,153,2026-02-20 07:49:39,2026-02-20 07:49:39
1400.0,21,3,6.640243053436279,1,4214.38979657993,53284.90671469059,26.0,30.0,5.923679351806641,155,2026-02-20 07:54:32,2026-02-20 07:54:32
1400.0,21,7,6.102269649505615,1,16032.571614761748,57405.472322593116,52.0,39.0,5.923679351806641,158,2026-02-20 07:54:32,2026-02-20 07:54:32
1400.0,21,16,19.011760711669922,29,3456.8644305354983,65243.53158357755,24.33344419470225,56.11962387240516,15.92367935180664,162,2026-02-20 07:54:32,2026-02-20 07:54:32
1400.0,21,18,17.468564987182617,6,4792.931789386222,79397.25155269906,27.27279238417384,87.03370020158535,15.92367935180664,164,2026-02-20 07:54:32,2026-02-20 07:54:32
1400.0,21,19,19.670976638793945,2,9668.935251125384,57630.77424844859,38.0,39.49209684437751,15.92367935180664,165,2026-02-20 07:54:32,2026-02-20 07:54:32
1400.0,22,5,6.207887649536133,3,22359.38430262207,64467.87811165922,65.91898791329271,54.425467799783284,5.923679351806641,168,2026-02-20 07:59:24,2026-02-20 07:59:24
1400.0,22,12,17.46877670288086,3,4323.076638582494,66852.82115314378,26.23911105240564,59.63457970718645,15.92367935180664,171,2026-02-20 07:59:24,2026-02-20 07:59:24
1400.0,22,14,12.5,3,4570.925422684764,81035.22984358718,26.784378377430635,90.6113169709242,15.92367935180664,173,2026-02-20 07:59:24,2026-02-20 07:59:24
1400.0,23,3,6.721773624420166,1,4668.935251125386,57863.3129456934,27.0,40.0,5.923679351806641,175,2026-02-20 08:04:26,2026-02-20 08:04:26
1400.0,23,5,7.730884552001953,4,16009.501703376423,57733.7260834706,51.94924619495229,39.71696075952088,5.923679351806641,177,2026-02-20 08:04:26,2026-02-20 08:04:26
1400.0,23,6,7.0,1,17850.753432943566,40007.528644782426,56.0,1.0,5.923679351806641,178,2026-02-20 08:04:26,2026-02-20 08:04:26
1400.0,23,8,10.83108901977539,3,2287.496751815475,70969.67079378366,21.7608353015182,68.62646341720436,10.92367935180664,179,2026-02-20 08:04:26,2026-02-20 08:04:26
1400.0,23,10,14.384824752807617,8,4668.483004514757,82667.83249384392,26.999005057456618,94.1771924478566,10.92367935180664,181,2026-02-20 08:04:26,2026-02-20 08:04:26
1400.0,24,2,4.939115047454834,6,1485.4412331360159,58876.58547538122,19.996313160423387,42.21315557983129,5.923679351806641,184,2026-02-20 08:09:17,2026-02-20 08:09:17
1400.0,24,3,9.846330642700195,4,2202.2278015903307,72972.05350800269,21.573243611022882,73.0,5.923679351806641,185,2026-02-20 08:09:17,2026-02-20 08:09:17
1400.0,24,10,7.4145379066467285,1,16487.117069307205,59694.67543809452,53.0,44.0,5.923679351806641,191,2026-02-20 08:09:17,2026-02-20 08:09:17
1400.0,24,13,15.5,1,5123.48070567084,84418.06908550972,28.0,98.0,10.92367935180664,192,2026-02-20 08:09:17,2026-02-20 08:09:17
1400.0,24,18,16.339040756225586,1,19214.389796579933,40007.528644782426,59.0,1.0,15.92367935180664,195,2026-02-20 08:09:17,2026-02-20 08:09:17
1400.0,25,2,7.104629039764404,1,-3512.8829306927973,58321.15356879368,9.0,41.0,5.923679351806641,196,2026-02-20 08:14:32,2026-02-20 08:14:32
1400.0,25,3,7.539699554443359,1,2396.2079783981117,61068.19730739537,22.0,47.0,5.923679351806641,197,2026-02-20 08:14:32,2026-02-20 08:14:32
1400.0,25,4,6.901888370513916,1,4668.935251125386,61526.037930495644,27.0,48.0,5.923679351806641,198,2026-02-20 08:14:32,2026-02-20 08:14:32
1400.0,25,9,6.789021968841553,1,21487.117069307205,46875.13799128665,64.0,16.0,5.923679351806641,201,2026-02-20 08:14:32,2026-02-20 08:14:32
1400.0,25,10,7.45779275894165,1,21487.117069307205,48706.50048368777,64.0,20.0,5.923679351806641,202,2026-02-20 08:14:32,2026-02-20 08:14:32
1400.0,25,11,6.926887512207031,1,21941.66252385266,45501.616121985804,65.0,13.0,5.923679351806641,203,2026-02-20 08:14:32,2026-02-20 08:14:32
1400.0,25,12,9.38299560546875,1,22396.207978398113,59236.83481499425,66.0,43.0,5.923679351806641,204,2026-02-20 08:14:32,2026-02-20 08:14:32
1400.0,25,15,11.47159481048584,3,-2809.2591870634237,75927.65700650781,10.547972235984622,79.45552917190086,10.92367935180664,206,2026-02-20 08:14:32,2026-02-20 08:14:32
1400.0,25,20,22.455337524414062,6,6607.558775972572,51776.95399376706,31.26497175466381,26.706380681748215,15.92367935180664,208,2026-02-20 08:14:32,2026-02-20 08:14:32
1400.0,25,22,18.360624313354492,4,18324.907509876066,40258.117883299325,57.0431389692515,1.5473285372102352,15.92367935180664,210,2026-02-20 08:14:32,2026-02-20 08:14:32
1400.0,25,23,16.67949867248535,4,19441.033943164424,40849.12475083793,59.49861712248589,2.838185743232244,15.92367935180664,211,2026-02-20 08:14:32,2026-02-20 08:14:32
1400.0,26,2,6.365030288696289,1,2396.2079783981117,61068.19730739537,22.0,47.0,5.923679351806641,213,2026-02-20 08:19:24,2026-02-20 08:19:24
1400.0,26,3,8.278083801269531,1,3759.8443420344756,64273.08166909734,25.0,54.0,5.923679351806641,214,2026-02-20 08:19:24,2026-02-20 08:19:24
1400.0,26,8,7.5,1,22396.207978398113,59694.67543809452,66.0,44.0,5.923679351806641,216,2026-02-20 08:19:24,2026-02-20 08:19:24
1400.0,26,17,16.209264755249023,2,-3781.7483747209308,78466.14098520606,8.408496023138106,85.0,15.92367935180664,219,2026-02-20 08:19:24,2026-02-20 08:19:24
1400.0,26,19,13.614660263061523,9,6272.986783347586,53634.878608097315,30.528913370888844,30.764396769856027,15.92367935180664,221,2026-02-20 08:19:24,2026-02-20 08:19:24
1400.0,26,25,17.277219772338867,11,18951.185616328337,44175.994288800044,58.42095080344649,10.104621638400566,15.92367935180664,227,2026-02-20 08:19:24,2026-02-20 08:19:24
1400.0,27,10,15.36421012878418,8,-4966.168828452784,78693.41623491986,5.802771024928029,85.49640691159033,10.92367935180664,234,2026-02-20 08:24:26,2026-02-20 08:24:26
1400.0,27,17,17.627857208251953,7,5405.8456083073825,55747.46083257768,28.621202785800396,35.37862739486032,15.92367935180664,238,2026-02-20 08:24:26,2026-02-20 08:24:26
1400.0,27,21,20.4648494720459,24,19105.241421923496,44625.46058988676,58.75987357575584,11.086330727566002,15.92367935180664,242,2026-02-20 08:24:26,2026-02-20 08:24:26
1400.0,28,7,10.5,1,21941.66252385266,56947.631699492835,65.0,38.0,5.923679351806641,249,2026-02-20 08:29:17,2026-02-20 08:29:17
1400.0,28,9,13.997563362121582,1,-5785.61020342007,80297.50347760718,4.0,89.0,10.92367935180664,250,2026-02-20 08:29:17,2026-02-20 08:29:17
1400.0,28,16,19.029003143310547,7,5308.503499012226,57875.00605922215,28.40705014535105,40.02553970298566,15.92367935180664,253,2026-02-20 08:29:17,2026-02-20 08:29:17
1400.0,28,19,15.781301498413086,6,16376.875286501225,49699.03693408786,52.75746807782684,22.167864536962885,15.92367935180664,256,2026-02-20 08:29:17,2026-02-20 08:29:17
1400.0,28,22,16.20322036743164,3,18260.233660297657,44861.80799720305,56.900856500178996,11.602552738876085,15.92367935180664,259,2026-02-20 08:29:17,2026-02-20 08:29:17
1400.0,29,2,10.5,2,4892.220519114176,44585.93487578524,27.491227589575338,11.0,5.923679351806641,263,2026-02-20 08:34:09,2026-02-20 08:34:09
1400.0,29,8,9.617003440856934,2,22396.207978398113,63603.437264384265,66.0,52.53738534562845,5.923679351806641,268,2026-02-20 08:34:09,2026-02-20 08:34:09
1400.0,29,20,19.299358367919922,2,6310.741049991027,57863.3129456934,30.61197275750441,40.0,15.92367935180664,274,2026-02-20 08:34:09,2026-02-20 08:34:09
1400.0,29,22,17.549901962280273,5,15741.508686683379,52376.39657394032,51.359661558227586,28.01566288592248,15.92367935180664,276,2026-02-20 08:34:09,2026-02-20 08:34:09
1400.0,29,24,15.961668968200684,2,18220.64128672257,47790.81923748721,56.813753278313804,18.0,15.92367935180664,278,2026-02-20 08:34:09,2026-02-20 08:34:09
1400.0,29,28,21.32756996154785,7,19735.01004806892,39884.60258524113,60.14536455327579,0.7315090593995424,15.92367935180664,282,2026-02-20 08:34:09,2026-02-20 08:34:09
1400.0,30,8,8.1713228225708,1,19668.935251125382,59236.83481499425,60.0,43.0,5.923679351806641,288,2026-02-20 08:39:11,2026-02-20 08:39:11
1400.0,30,14,12.54047966003418,14,4720.125409318226,62691.377265472,27.11261834802425,50.54529475144697,10.92367935180664,292,2026-02-20 08:39:11,2026-02-20 08:39:11
1400.0,30,15,11.30305004119873,2,5123.48070567084,45131.25067569022,28.0,12.191060321848159,10.92367935180664,293,2026-02-20 08:39:11,2026-02-20 08:39:11
1400.0,30,20,14.107030868530273,1,21941.66252385266,69767.16914630072,65.0,66.0,10.92367935180664,296,2026-02-20 08:39:11,2026-02-20 08:39:11
1400.0,30,21,11.779142379760742,1,22396.207978398113,66562.28478459874,66.0,59.0,10.92367935180664,297,2026-02-20 08:39:11,2026-02-20 08:39:11
1400.0,30,22,11.250282287597656,1,22396.207978398113,67935.80665389959,66.0,62.0,10.92367935180664,298,2026-02-20 08:39:11,2026-02-20 08:39:11
1400.0,30,24,18.667560577392578,7,14370.37039041432,57312.25076946067,48.34315730643566,38.79638863737954,15.92367935180664,299,2026-02-20 08:39:11,2026-02-20 08:39:11
1400.0,30,29,22.857595443725586,38,19839.175799841847,40649.5350945281,60.374529207176224,2.4022487681375,15.92367935180664,304,2026-02-20 08:39:11,2026-02-20 08:39:11
1400.0,31,14,7.10851526260376,2,22396.207978398113,48459.55546236335,66.0,19.4606310386959,5.923679351806641,312,2026-02-20 08:44:16,2026-02-20 08:44:16
1400.0,31,15,6.5111236572265625,2,22396.207978398113,51265.01336877615,66.0,25.588217287848614,5.923679351806641,313,2026-02-20 08:44:16,2026-02-20 08:44:16
1400.0,31,16,9.725014686584473,1,22396.207978398113,67020.12540769903,66.0,60.0,5.923679351806641,314,2026-02-20 08:44:16,2026-02-20 08:44:16
1400.0,31,19,12.221282005310059,2,4884.495776767726,46875.13799128665,27.47423315641315,16.0,10.92367935180664,316,2026-02-20 08:44:16,2026-02-20 08:44:16
1400.0,31,24,11.012033462524414,1,11032.571614761748,50995.703599189175,41.0,25.0,10.92367935180664,318,2026-02-20 08:44:16,2026-02-20 08:44:16
1400.0,31,29,11.412613868713379,1,17396.20797839811,46417.297368186366,55.0,15.0,10.92367935180664,322,2026-02-20 08:44:16,2026-02-20 08:44:16
1400.0,31,30,11.417474746704102,1,21941.66252385266,72056.37226180211,65.0,71.0,10.92367935180664,323,2026-02-20 08:44:16,2026-02-20 08:44:16
1400.0,31,32,15.983611106872559,1,5123.48070567084,63357.400422896775,28.0,52.0,15.92367935180664,324,2026-02-20 08:44:16,2026-02-20 08:44:16
1400.0,31,33,18.098913192749023,1,10578.026160216295,39549.688021682145,40.0,0.0,15.92367935180664,325,2026-02-20 08:44:16,2026-02-20 08:44:16
1400.0,31,34,18.65103530883789,143,18497.456744583193,41142.743477052725,57.42274728560717,3.479497831763282,15.92367935180664,326,2026-02-20 08:44:16,2026-02-20 08:44:16
1400.0,31,35,20.5,5,15064.229397286254,57651.271895817816,49.86964712155391,39.53686711231577,15.92367935180664,327,2026-02-20 08:44:16,2026-02-20 08:44:16
1700.0,0,5,12.156654357910156,1,-7149.246567056433,56031.95045329227,1.0,36.0,11.103884220123291,2,2026-02-20 06:20:57,2026-02-20 06:20:57
1700.0,0,7,11.623504638671875,1,1941.6625238526576,59236.83481499425,21.0,43.0,11.103884220123291,4,2026-02-20 06:20:57,2026-02-20 06:20:57
1700.0,1,2,7.736379623413086,1,-785.6102034200703,54658.42858399143,15.0,33.0,6.103884220123291,5,2026-02-20 06:25:20,2026-02-20 06:25:20
1700.0,1,4,11.195791244506836,1,-7149.246567056433,56489.791076392554,1.0,37.0,11.103884220123291,6,2026-02-20 06:25:20,2026-02-20 06:25:20
1700.0,4,8,26.72061538696289,13,7841.475143658775,54375.68506147083,33.979587763573456,32.382441163464286,16.10388422012329,10,2026-02-20 06:38:28,2026-02-20 06:38:28
1700.0,5,5,6.977358341217041,1,16032.571614761748,61983.87855359593,52.0,49.0,6.103884220123291,14,2026-02-20 06:42:52,2026-02-20 06:42:52
1700.0,5,9,25.96177101135254,24,7284.772921641899,55744.177173045806,32.75484287513633,35.37145533679863,16.10388422012329,15,2026-02-20 06:42:52,2026-02-20 06:42:52
1700.0,6,1,7.393143653869629,2,1796.378631149144,57863.3129456934,20.68037543605227,40.0,6.103884220123291,17,2026-02-20 06:47:15,2026-02-20 06:47:15
1700.0,6,6,19.75761604309082,42,6832.3517908990325,57120.69001063714,31.759516387502025,38.377988108552785,16.10388422012329,18,2026-02-20 06:47:15,2026-02-20 06:47:15
1700.0,7,5,23.443429946899414,55,6447.37135536251,58934.73736413407,30.912559429321675,42.34016896793798,16.10388422012329,19,2026-02-20 06:51:37,2026-02-20 06:51:37
1700.0,8,2,6.800759315490723,1,17396.20797839811,66562.28478459874,55.0,59.0,6.103884220123291,20,2026-02-20 06:55:49,2026-02-20 06:55:49
1700.0,8,6,21.527843475341797,74,6272.397871083078,60879.10502827815,30.527617763906925,46.586991041037884,16.10388422012329,21,2026-02-20 06:55:49,2026-02-20 06:55:49
1700.0,9,5,17.40958595275879,80,6322.666583428256,61565.70882944708,30.638208931066316,48.08664783540351,16.10388422012329,22,2026-02-20 07:00:12,2026-02-20 07:00:12
1700.0,10,6,11.435596466064453,58,6051.402925769586,62282.5476739072,30.041428884217243,49.65234298845922,16.10388422012329,24,2026-02-20 07:04:34,2026-02-20 07:04:34
1700.0,10,8,17.508060455322266,2,5778.326808391097,68851.48790010015,29.44066142598457,64.0,16.10388422012329,26,2026-02-20 07:04:34,2026-02-20 07:04:34
1700.0,11,7,26.76670265197754,39,6489.387664844131,62603.82360024363,31.00499531018124,50.35406299783913,16.10388422012329,30,2026-02-20 07:08:56,2026-02-20 07:08:56
1700.0,12,9,23.224340438842773,57,5878.834207329461,64178.066827614995,29.66177770364897,53.792471797633546,16.10388422012329,36,2026-02-20 07:13:18,2026-02-20 07:13:18
1700.0,12,10,18.515121459960938,2,5283.230063108421,71598.53163870184,28.35144858636268,70.0,16.10388422012329,37,2026-02-20 07:13:18,2026-02-20 07:13:18
1700.0,13,3,8.740803718566895,3,21775.62662784796,54200.58796089115,64.63472102878966,32.0,6.103884220123291,38,2026-02-20 07:17:36,2026-02-20 07:17:36
1700.0,13,8,11.281222343444824,1,3759.8443420344756,75261.25662350409,25.0,78.0,11.103884220123291,41,2026-02-20 07:17:36,2026-02-20 07:17:36
1700.0,13,9,11.154769897460938,1,4668.935251125386,71140.69101560157,27.0,69.0,11.103884220123291,42,2026-02-20 07:17:36,2026-02-20 07:17:36
1700.0,13,10,11.790807723999023,1,4668.935251125386,75719.09724660436,27.0,79.0,11.103884220123291,43,2026-02-20 07:17:36,2026-02-20 07:17:36
1700.0,13,11,11.484940528869629,1,5123.48070567084,72972.05350800269,28.0,73.0,11.103884220123291,44,2026-02-20 07:17:36,2026-02-20 07:17:36
1700.0,13,13,24.103492736816406,38,4925.948964604298,65743.40658374724,27.56543016965361,57.21143393675632,16.10388422012329,45,2026-02-20 07:17:36,2026-02-20 07:17:36
1700.0,14,6,7.125218868255615,1,16032.571614761748,53284.90671469059,52.0,30.0,6.103884220123291,49,2026-02-20 07:21:41,2026-02-20 07:21:41
1700.0,14,7,7.352732181549072,1,16941.66252385266,53284.90671469059,54.0,30.0,6.103884220123291,50,2026-02-20 07:21:41,2026-02-20 07:21:41
1700.0,14,8,6.221969127655029,8,22029.976630811972,56410.323867758576,65.19429103531048,36.82643041131679,6.103884220123291,51,2026-02-20 07:21:41,2026-02-20 07:21:41
1700.0,14,11,13.92150592803955,26,3773.103303406596,77905.04522428148,25.029169715018664,83.77447362113675,11.103884220123291,53,2026-02-20 07:21:41,2026-02-20 07:21:41
1700.0,14,17,19.01615333557129,11,6027.253245414662,69458.80731494898,29.988299587436412,65.32648651999543,16.10388422012329,57,2026-02-20 07:21:41,2026-02-20 07:21:41
1700.0,15,8,6.920128345489502,7,21537.08637319924,57570.254992611655,64.10993246856248,39.35991273317494,6.103884220123291,62,2026-02-20 07:26:16,2026-02-20 07:26:16
1700.0,15,13,12.076519012451172,1,15578.026160216295,54658.42858399143,51.0,33.0,11.103884220123291,64,2026-02-20 07:26:16,2026-02-20 07:26:16
1700.0,15,14,13.016011238098145,1,16487.117069307205,55116.26920709171,53.0,34.0,11.103884220123291,65,2026-02-20 07:26:16,2026-02-20 07:26:16
1700.0,15,17,14.948715209960938,5,3328.173177869614,77942.80951650895,24.050323438837303,83.85695711063525,16.10388422012329,67,2026-02-20 07:26:16,2026-02-20 07:26:16
1700.0,15,22,18.79962921142578,13,5807.127175631859,71015.58106315209,29.504022233914245,68.72673907439169,16.10388422012329,72,2026-02-20 07:26:16,2026-02-20 07:26:16
1700.0,16,7,4.381632328033447,5,14242.07450938638,55492.17136412749,48.06090636817419,34.82103277444091,6.103884220123291,75,2026-02-20 07:31:04,2026-02-20 07:31:04
1700.0,16,9,7.819687843322754,2,18062.30488511317,61526.037930495644,56.465413194773134,48.0,6.103884220123291,77,2026-02-20 07:31:04,2026-02-20 07:31:04
1700.0,16,11,8.033510208129883,2,19671.05286847186,62441.719176696206,60.00465875816225,50.0,6.103884220123291,79,2026-02-20 07:31:04,2026-02-20 07:31:04
1700.0,16,23,16.226558685302734,1,2396.2079783981117,79839.6628545069,22.0,88.0,16.10388422012329,85,2026-02-20 07:31:04,2026-02-20 07:31:04
1700.0,16,24,17.96237564086914,3,5234.1853652726295,72056.37226180211,28.24355025112394,71.0,16.10388422012329,86,2026-02-20 07:31:04,2026-02-20 07:31:04
1700.0,16,25,24.681163787841797,3,5769.819285760587,54583.41058442772,29.421944876197447,32.83614822324912,16.10388422012329,87,2026-02-20 07:31:04,2026-02-20 07:31:04
1700.0,17,7,6.722658157348633,2,11941.66252385266,55926.13719369813,43.0,35.76888625810959,6.103884220123291,91,2026-02-20 07:35:28,2026-02-20 07:35:28
1700.0,17,8,6.654334545135498,3,20013.080158809556,61684.43026437248,60.75711879690518,48.345955177162466,6.103884220123291,92,2026-02-20 07:35:28,2026-02-20 07:35:28
1700.0,17,13,12.778444290161133,18,5188.93555866501,74351.89774107595,28.144000676587176,76.01380909306303,11.103884220123291,94,2026-02-20 07:35:28,2026-02-20 07:35:28
1700.0,17,15,12.0320405960083,2,4668.935251125386,86528.67164423676,27.0,102.60990670603894,11.103884220123291,96,2026-02-20 07:35:28,2026-02-20 07:35:28
1700.0,17,19,17.0,1,2850.7534329435657,80297.50347760718,23.0,89.0,16.10388422012329,98,2026-02-20 07:35:28,2026-02-20 07:35:28
1700.0,17,21,22.70153045654297,7,5942.013861735661,55737.2271307303,29.800772943342608,35.356275289496494,16.10388422012329,100,2026-02-20 07:35:28,2026-02-20 07:35:28
1700.0,18,7,8.331847190856934,1,9668.935251125384,54658.42858399143,38.0,33.0,6.103884220123291,104,2026-02-20 07:40:06,2026-02-20 07:40:06
1700.0,18,8,7.575883388519287,1,11941.66252385266,59694.67543809452,43.0,44.0,6.103884220123291,105,2026-02-20 07:40:06,2026-02-20 07:40:06
1700.0,18,9,6.357741355895996,1,16941.66252385266,66104.44416149845,54.0,58.0,6.103884220123291,106,2026-02-20 07:40:06,2026-02-20 07:40:06
1700.0,18,14,13.093153953552246,4,3894.4194870650663,82827.56876223197,25.2960653190673,94.5260830013125,11.103884220123291,109,2026-02-20 07:40:06,2026-02-20 07:40:06
1700.0,18,20,18.0,24,4895.17259153768,58306.68572303523,27.497722148907048,40.96839982074881,16.10388422012329,113,2026-02-20 07:40:06,2026-02-20 07:40:06
1700.0,18,21,16.83375358581543,2,5305.691193372008,74529.10677639744,28.40086307294257,76.40086307294257,16.10388422012329,114,2026-02-20 07:40:06,2026-02-20 07:40:06
1700.0,19,9,6.6747822761535645,2,11288.110894768968,59236.83481499425,41.562186416015884,43.0,6.103884220123291,120,2026-02-20 07:45:08,2026-02-20 07:45:08
1700.0,19,14,12.702629089355469,2,4367.176010054367,86861.16601840332,26.33612966964376,103.33612966964377,11.103884220123291,122,2026-02-20 07:45:08,2026-02-20 07:45:08
1700.0,19,18,26.822040557861328,23,4302.681583108639,60686.77928685605,26.19424193036316,46.16691966309907,16.10388422012329,125,2026-02-20 07:45:08,2026-02-20 07:45:08
1700.0,19,19,15.278446197509766,3,5623.36311146688,76994.52998450029,29.09974129275129,81.7857570375894,16.10388422012329,126,2026-02-20 07:45:08,2026-02-20 07:45:08
1700.0,20,5,10.419700622558594,1,9214.389796579931,60152.51606119481,37.0,45.0,6.103884220123291,128,2026-02-20 07:49:39,2026-02-20 07:49:39
1700.0,20,7,6.507526397705078,2,16487.117069307205,56845.24923000241,53.0,37.776379673788796,6.103884220123291,130,2026-02-20 07:49:39,2026-02-20 07:49:39
1700.0,20,10,13.705493927001953,33,4840.356840311192,78091.35398952711,27.377127496208775,84.18140292326822,11.103884220123291,131,2026-02-20 07:49:39,2026-02-20 07:49:39
1700.0,20,12,13.537834167480469,4,4891.107482636957,85488.39667957347,27.488778909325458,100.33777332124008,11.103884220123291,133,2026-02-20 07:49:39,2026-02-20 07:49:39
1700.0,20,14,23.065448760986328,38,3001.2575384056277,63197.351592272,23.331109032016535,51.650426758680794,16.10388422012329,134,2026-02-20 07:49:39,2026-02-20 07:49:39
1700.0,21,13,18.108314514160156,24,3281.100124576657,65410.57541143986,23.946762721592798,56.48447535004638,16.10388422012329,139,2026-02-20 07:54:32,2026-02-20 07:54:32
1700.0,21,14,17.659772872924805,6,5051.513615075351,79417.0436412102,27.841672400689923,87.0769294117352,16.10388422012329,140,2026-02-20 07:54:32,2026-02-20 07:54:32
1700.0,21,15,19.446413040161133,1,9668.935251125384,57863.3129456934,38.0,40.0,16.10388422012329,141,2026-02-20 07:54:32,2026-02-20 07:54:32
1700.0,22,6,10.652811050415039,25,4064.5203826305938,86382.92710020312,25.67028728931146,102.29157640357097,11.103884220123291,143,2026-02-20 07:59:24,2026-02-20 07:59:24
1700.0,22,10,17.860675811767578,1,2850.7534329435657,67935.80665389959,23.0,62.0,16.10388422012329,145,2026-02-20 07:59:24,2026-02-20 07:59:24
1700.0,22,11,18.739591598510742,5,4716.6128321869255,80962.10504958249,27.104890678335387,90.45160026970726,16.10388422012329,146,2026-02-20 07:59:24,2026-02-20 07:59:24
1700.0,23,3,7.10044002532959,1,4668.935251125386,57863.3129456934,27.0,40.0,6.103884220123291,147,2026-02-20 08:04:26,2026-02-20 08:04:26
1700.0,23,4,7.993463516235352,1,14214.389796579931,60152.51606119481,48.0,45.0,6.103884220123291,148,2026-02-20 08:04:26,2026-02-20 08:04:26
1700.0,23,5,8.073748588562012,1,15578.026160216295,57405.472322593116,51.0,39.0,6.103884220123291,149,2026-02-20 08:04:26,2026-02-20 08:04:26
1700.0,23,6,8.5,1,18305.29888748902,39549.688021682145,57.0,0.0,6.103884220123291,150,2026-02-20 08:04:26,2026-02-20 08:04:26
1700.0,23,8,12.501029014587402,2,2197.3076727788857,70940.34880791057,21.562419327637702,68.5624193276377,11.103884220123291,151,2026-02-20 08:04:26,2026-02-20 08:04:26
1700.0,23,10,10.980023384094238,13,4106.149024251284,86142.03120977092,25.76187030087698,101.76541974931658,11.103884220123291,153,2026-02-20 08:04:26,2026-02-20 08:04:26
1700.0,24,2,7.269371032714844,1,-2149.2465670564334,55574.10983019199,12.0,35.0,6.103884220123291,157,2026-02-20 08:09:17,2026-02-20 08:09:17
1700.0,24,4,8.82474136352539,9,1725.7740399537768,73275.81350501261,20.525045335422462,73.66346230911756,6.103884220123291,159,2026-02-20 08:09:17,2026-02-20 08:09:17
1700.0,24,5,6.388832092285156,2,1454.615635597729,59236.83481499425,19.928496845839156,43.0,6.103884220123291,160,2026-02-20 08:09:17,2026-02-20 08:09:17
1700.0,24,15,12.034835815429688,1,3305.2988874890216,84418.06908550972,24.0,98.0,11.103884220123291,165,2026-02-20 08:09:17,2026-02-20 08:09:17
1700.0,24,16,12.827169418334961,1,4668.935251125386,92659.20030131478,27.0,116.0,11.103884220123291,166,2026-02-20 08:09:17,2026-02-20 08:09:17
1700.0,24,17,13.407485008239746,1,5123.48070567084,83502.38783930914,28.0,96.0,11.103884220123291,167,2026-02-20 08:09:17,2026-02-20 08:09:17
1700.0,24,18,7.080541133880615,5,17751.665958836125,40237.88984788478,55.782007556963634,1.503147146582265,11.103884220123291,168,2026-02-20 08:09:17,2026-02-20 08:09:17
1700.0,25,3,9.990757942199707,4,3859.309573041973,85929.59778005308,25.218823508216495,101.3014298388553,6.103884220123291,171,2026-02-20 08:14:32,2026-02-20 08:14:32
1700.0,25,6,6.5,1,6487.117069307204,94490.56279371592,31.0,120.0,6.103884220123291,173,2026-02-20 08:14:32,2026-02-20 08:14:32
1700.0,25,11,11.379152297973633,4,-3000.3868151073198,76092.89428448284,10.12749145428805,79.81643484439475,11.103884220123291,174,2026-02-20 08:14:32,2026-02-20 08:14:32
1700.0,25,20,18.741724014282227,2,6487.117069307204,51697.82559635391,31.0,26.533551113071383,16.10388422012329,180,2026-02-20 08:14:32,2026-02-20 08:14:32
1700.0,25,21,16.919178009033203,1,17396.20797839811,41381.05051408327,55.0,4.0,16.10388422012329,181,2026-02-20 08:14:32,2026-02-20 08:14:32
1700.0,25,22,19.0,1,17850.753432943566,42296.73176028383,56.0,6.0,16.10388422012329,182,2026-02-20 08:14:32,2026-02-20 08:14:32
1700.0,26,7,15.159191131591797,21,-3004.5453131886884,78726.36373827307,10.118342758509039,85.568369733784,11.103884220123291,183,2026-02-20 08:19:24,2026-02-20 08:19:24
1700.0,26,13,21.967424392700195,1,5578.026160216294,54200.58796089115,29.0,32.0,16.10388422012329,184,2026-02-20 08:19:24,2026-02-20 08:19:24
1700.0,26,15,18.986068725585938,3,17022.009350031072,46540.35047664659,54.176763017592506,15.268768436551067,16.10388422012329,186,2026-02-20 08:19:24,2026-02-20 08:19:24
1700.0,26,16,20.064428329467773,3,19053.10954773168,43991.40513697817,58.64518345253384,9.70144825773389,16.10388422012329,187,2026-02-20 08:19:24,2026-02-20 08:19:24
1700.0,27,5,6.305835247039795,1,5578.026160216294,40465.36926788271,29.0,2.0,6.103884220123291,189,2026-02-20 08:24:26,2026-02-20 08:24:26
1700.0,27,6,7.470193386077881,1,6487.117069307204,39549.688021682145,31.0,0.0,6.103884220123291,190,2026-02-20 08:24:26,2026-02-20 08:24:26
1700.0,27,13,14.139860153198242,11,-4608.499036914953,78966.47388044879,6.589644566311257,86.09281018327886,11.103884220123291,193,2026-02-20 08:24:26,2026-02-20 08:24:26
1700.0,27,16,13.5,1,17396.20797839811,48248.65986058749,55.0,19.0,11.103884220123291,195,2026-02-20 08:24:26,2026-02-20 08:24:26
1700.0,27,17,11.417481422424316,1,17850.753432943566,46417.297368186366,56.0,15.0,11.103884220123291,196,2026-02-20 08:24:26,2026-02-20 08:24:26
1700.0,27,18,11.5,1,18305.29888748902,50080.02235298861,57.0,23.0,11.103884220123291,197,2026-02-20 08:24:26,2026-02-20 08:24:26
1700.0,27,20,16.843425750732422,2,5578.026160216294,55864.62856560968,29.0,35.63454119350623,16.10388422012329,198,2026-02-20 08:24:26,2026-02-20 08:24:26
1700.0,28,3,9.461565017700195,1,5123.48070567084,43212.41300648439,28.0,8.0,6.103884220123291,200,2026-02-20 08:29:17,2026-02-20 08:29:17
1700.0,28,6,7.0,1,18305.29888748902,39549.688021682145,57.0,0.0,6.103884220123291,201,2026-02-20 08:29:17,2026-02-20 08:29:17
1700.0,28,9,6.303740501403809,1,21487.117069307205,39549.688021682145,64.0,0.0,6.103884220123291,204,2026-02-20 08:29:17,2026-02-20 08:29:17
1700.0,28,11,13.870366096496582,1,-5785.61020342007,80297.50347760718,4.0,89.0,11.103884220123291,205,2026-02-20 08:29:17,2026-02-20 08:29:17
1700.0,28,19,19.152935028076172,6,5319.6096043697635,57873.35707674634,28.431483577137634,40.0219380512479,16.10388422012329,210,2026-02-20 08:29:17,2026-02-20 08:29:17
1700.0,28,22,18.110332489013672,3,16487.117069307205,49466.195095968964,53.0,21.659299271298597,16.10388422012329,213,2026-02-20 08:29:17,2026-02-20 08:29:17
1700.0,29,10,6.834397792816162,4,22108.75584597621,66960.94740595561,65.36760530867181,59.870745410613196,6.103884220123291,218,2026-02-20 08:34:09,2026-02-20 08:34:09
1700.0,29,12,13.333749771118164,3,-6173.647578708,82128.86597000831,3.1463177743665547,93.0,11.103884220123291,219,2026-02-20 08:34:09,2026-02-20 08:34:09
1700.0,29,27,16.4471378326416,1,3759.8443420344756,61068.19730739537,25.0,47.0,16.10388422012329,229,2026-02-20 08:34:09,2026-02-20 08:34:09
1700.0,29,28,24.0,1,16032.571614761748,52369.225468490025,52.0,28.0,16.10388422012329,230,2026-02-20 08:34:09,2026-02-20 08:34:09
1700.0,29,29,20.5,1,16487.117069307205,50995.703599189175,53.0,25.0,16.10388422012329,231,2026-02-20 08:34:09,2026-02-20 08:34:09
1700.0,29,30,17.0,1,20123.480705670838,39549.688021682145,61.0,0.0,16.10388422012329,232,2026-02-20 08:34:09,2026-02-20 08:34:09
1700.0,30,6,7.872300148010254,2,16733.16898993605,61983.87855359593,53.54131422538346,49.0,6.103884220123291,234,2026-02-20 08:39:11,2026-02-20 08:39:11
1700.0,30,12,6.59316873550415,7,22310.571108384276,67545.4660440036,65.81159888596956,61.14743124528183,6.103884220123291,237,2026-02-20 08:39:11,2026-02-20 08:39:11
1700.0,30,17,12.18774127960205,1,4668.935251125386,46417.297368186366,27.0,15.0,11.103884220123291,240,2026-02-20 08:39:11,2026-02-20 08:39:11
1700.0,30,18,11.614555358886719,1,5123.48070567084,47790.81923748721,28.0,18.0,11.103884220123291,241,2026-02-20 08:39:11,2026-02-20 08:39:11
1700.0,30,28,17.864486694335938,2,3861.7106766453376,62441.719176696206,25.224105936143896,50.0,16.10388422012329,246,2026-02-20 08:39:11,2026-02-20 08:39:11
1700.0,30,30,14.370640754699707,14,12670.542821305877,39799.68575144555,44.60353665439708,0.5460365838018786,16.10388422012329,248,2026-02-20 08:39:11,2026-02-20 08:39:11
1700.0,30,31,18.779277801513672,5,14313.35690607657,57400.25991255656,48.217727640892605,38.98861523033658,16.10388422012329,249,2026-02-20 08:39:11,2026-02-20 08:39:11
1700.0,30,38,23.5,4,21383.988770661206,39549.688021682145,63.773117742978805,0.0,16.10388422012329,256,2026-02-20 08:39:11,2026-02-20 08:39:11
1700.0,31,28,12.108060836791992,2,4377.518945780829,39549.688021682145,26.35888412824198,0.0,11.103884220123291,267,2026-02-20 08:44:16,2026-02-20 08:44:16
1700.0,31,29,12.038955688476562,1,4668.935251125386,50537.862976088894,27.0,24.0,11.103884220123291,268,2026-02-20 08:44:16,2026-02-20 08:44:16
1700.0,31,47,15.209159851074219,1,22396.207978398113,69309.32852320043,66.0,65.0,11.103884220123291,276,2026-02-20 08:44:16,2026-02-20 08:44:16
1700.0,31,49,20.504213333129883,1,5123.48070567084,63815.241045997056,28.0,53.0,16.10388422012329,277,2026-02-20 08:44:16,2026-02-20 08:44:16
1700.0,31,51,29.13455581665039,34,12635.558922403025,40118.69866457563,44.52657207681081,1.2428137962953567,16.10388422012329,279,2026-02-20 08:44:16,2026-02-20 08:44:16
1700.0,31,55,20.5,5,15073.722369342962,57630.488142000606,49.89053166007867,39.49147194035294,16.10388422012329,283,2026-02-20 08:44:16,2026-02-20 08:44:16
1700.0,31,58,20.292898178100586,5,17849.834157133217,39940.952383851276,55.997977593217236,0.8545863831821574,16.10388422012329,286,2026-02-20 08:44:16,2026-02-20 08:44:16
1700.0,31,62,23.416799545288086,5,21658.77841517853,39631.0007774087,64.37765496091691,0.17760057020702816,16.10388422012329,290,2026-02-20 08:44:16,2026-02-20 08:44:16
2000.0,0,1,6.455846309661865,2,-6889.708745918393,56031.95045329227,1.5709832065036893,36.0,6.028326749801636,1,2026-02-20 06:20:57,2026-02-20 06:20:57
2000.0,4,5,16.053117752075195,3,7849.987698005009,54862.04868459347,33.99831538313517,33.444740135165866,16.028326749801636,2,2026-02-20 06:38:28,2026-02-20 06:38:28
2000.0,5,5,17.12764549255371,3,6873.887373805325,55352.454199260836,31.85089466989587,34.515867269640225,16.028326749801636,3,2026-02-20 06:42:52,2026-02-20 06:42:52
2000.0,6,8,21.50288963317871,2,7068.5461130183385,59236.83481499425,32.2791438961645,43.0,16.028326749801636,5,2026-02-20 06:47:15,2026-02-20 06:47:15
2000.0,7,5,18.02016830444336,1,6032.571614761748,60152.51606119481,30.0,45.0,16.028326749801636,6,2026-02-20 06:51:37,2026-02-20 06:51:37
2000.0,8,5,20.502817153930664,2,6581.627541273866,64273.08166909734,31.20792303832666,54.0,16.028326749801636,7,2026-02-20 06:55:49,2026-02-20 06:55:49
2000.0,9,10,13.057799339294434,9,6453.630269569314,65503.68263782715,30.926329040576643,56.68783700405779,16.028326749801636,10,2026-02-20 07:00:12,2026-02-20 07:00:12
2000.0,9,11,19.251012802124023,2,7022.857084671073,59236.83481499425,32.178628033800514,43.0,16.028326749801636,11,2026-02-20 07:00:12,2026-02-20 07:00:12
2000.0,10,8,20.267505645751953,4,5654.593203639659,66475.68763892438,29.168447495531403,58.81085744404251,16.028326749801636,13,2026-02-20 07:04:34,2026-02-20 07:04:34
2000.0,10,10,18.513675689697266,1,6487.117069307204,60610.35668429508,31.0,46.0,16.028326749801636,15,2026-02-20 07:04:34,2026-02-20 07:04:34
2000.0,11,8,15.996996879577637,5,5381.051325872827,70142.79721838637,28.566655364444372,66.82043412736529,16.028326749801636,19,2026-02-20 07:08:56,2026-02-20 07:08:56
2000.0,12,18,16.72321319580078,1,5123.48070567084,71598.53163870184,28.0,70.0,16.028326749801636,27,2026-02-20 07:13:18,2026-02-20 07:13:18
2000.0,12,19,22.987133026123047,10,6611.043809484142,64747.47350783162,31.272638828389265,55.036150605251954,16.028326749801636,28,2026-02-20 07:13:18,2026-02-20 07:13:18
2000.0,13,7,13.677497863769531,4,4422.839232886041,76178.86305972813,26.458588759873443,80.00420493491914,11.028326749801636,32,2026-02-20 07:17:36,2026-02-20 07:17:36
2000.0,13,11,13.578052520751953,3,4125.679888709752,65302.344499257444,25.80483820268561,56.248081053163055,16.028326749801636,35,2026-02-20 07:17:36,2026-02-20 07:17:36
2000.0,13,12,18.55333709716797,3,5578.026160216294,66640.25062009264,29.0,59.17029034026286,16.028326749801636,36,2026-02-20 07:17:36,2026-02-20 07:17:36
2000.0,13,13,19.69817543029785,3,7204.812275968591,67533.62081932499,32.578929454655054,61.12155930626867,16.028326749801636,37,2026-02-20 07:17:36,2026-02-20 07:17:36
2000.0,14,12,16.378591537475586,1,3759.8443420344756,78466.14098520606,25.0,85.0,16.028326749801636,43,2026-02-20 07:21:41,2026-02-20 07:21:41
2000.0,14,13,19.202688217163086,11,6014.079444270514,69461.97792034084,29.959317224919285,65.33341164902917,16.028326749801636,44,2026-02-20 07:21:41,2026-02-20 07:21:41
2000.0,15,11,17.10658836364746,5,2950.6834388727193,80144.13126726366,23.219846013044137,88.6650096068257,16.028326749801636,49,2026-02-20 07:26:16,2026-02-20 07:26:16
2000.0,15,15,18.753602981567383,12,5777.35681463747,70993.82943799159,29.438527439726588,68.6792299105844,16.028326749801636,53,2026-02-20 07:26:16,2026-02-20 07:26:16
2000.0,16,7,14.571248054504395,41,3121.7884562242493,79945.80324026392,23.596277051217502,88.23182823978853,11.028326749801636,56,2026-02-20 07:31:04,2026-02-20 07:31:04
2000.0,16,11,11.924583435058594,1,5123.48070567084,84875.90970861,28.0,99.0,11.028326749801636,59,2026-02-20 07:31:04,2026-02-20 07:31:04
2000.0,16,14,17.97960662841797,3,5221.425883495716,72056.37226180211,28.21547939121473,71.0,16.028326749801636,61,2026-02-20 07:31:04,2026-02-20 07:31:04
2000.0,17,7,9.069107055664062,2,4825.915155645103,86249.43157791084,27.34535578994338,102.0,6.028326749801636,66,2026-02-20 07:35:28,2026-02-20 07:35:28
2000.0,17,11,15.145365715026855,12,4947.782048475792,73847.8271505482,27.613462954170895,74.9128351621907,11.028326749801636,68,2026-02-20 07:35:28,2026-02-20 07:35:28
2000.0,17,16,17.338972091674805,1,3305.2988874890216,80297.50347760718,24.0,89.0,16.028326749801636,72,2026-02-20 07:35:28,2026-02-20 07:35:28
2000.0,18,1,9.014405250549316,8,-247.91210186006802,80810.28351668442,16.182935823432004,90.11999681374913,6.028326749801636,73,2026-02-20 07:40:06,2026-02-20 07:40:06
2000.0,18,10,6.405440330505371,1,16941.66252385266,66104.44416149845,54.0,58.0,6.028326749801636,80,2026-02-20 07:40:06,2026-02-20 07:40:06
2000.0,18,12,12.298867225646973,1,2850.7534329435657,84875.90970861,23.0,99.0,11.028326749801636,81,2026-02-20 07:40:06,2026-02-20 07:40:06
2000.0,18,15,16.474058151245117,2,4944.3352380726665,74345.57537730352,27.60587997128402,76.0,16.028326749801636,82,2026-02-20 07:40:06,2026-02-20 07:40:06
2000.0,19,5,14.880645751953125,28,4972.751008114196,76894.30396407304,27.668394665375384,81.56684675446824,11.028326749801636,85,2026-02-20 07:45:08,2026-02-20 07:45:08
2000.0,20,10,14.523990631103516,6,4997.339436564535,77410.68082668065,27.72248920796613,82.69469962849008,16.028326749801636,92,2026-02-20 07:49:39,2026-02-20 07:49:39
2000.0,21,11,17.357147216796875,3,4000.8243875056487,65352.721916604656,25.53015610003658,56.358113703839784,16.028326749801636,98,2026-02-20 07:54:32,2026-02-20 07:54:32
2000.0,21,14,14.824048042297363,3,4923.599601804628,79681.02993357694,27.560261571494333,87.65351934073526,16.028326749801636,101,2026-02-20 07:54:32,2026-02-20 07:54:32
2000.0,22,10,13.244194030761719,4,3541.996802890753,88287.25948162946,24.52073541388381,106.45095476657228,11.028326749801636,104,2026-02-20 07:59:24,2026-02-20 07:59:24
2000.0,22,16,17.963924407958984,1,2850.7534329435657,67935.80665389959,23.0,62.0,16.028326749801636,109,2026-02-20 07:59:24,2026-02-20 07:59:24
2000.0,22,17,17.36699676513672,7,4435.384879034237,81398.4975019224,26.486189181399475,91.40475390073472,16.028326749801636,110,2026-02-20 07:59:24,2026-02-20 07:59:24
2000.0,23,5,8.5,11,18509.89440415103,39759.35781680357,57.45011013665641,0.45795367327092623,6.028326749801636,113,2026-02-20 08:04:26,2026-02-20 08:04:26
2000.0,23,7,12.395615577697754,2,2188.7885185471937,70931.76789517076,21.54367718832798,68.54367718832798,11.028326749801636,114,2026-02-20 08:04:26,2026-02-20 08:04:26
2000.0,23,8,15.51361083984375,3,3961.186430239022,82586.7065931086,25.442952594050002,94.0,11.028326749801636,115,2026-02-20 08:04:26,2026-02-20 08:04:26
2000.0,23,9,11.71989631652832,3,4457.682861459101,81671.02534690802,26.535244742734175,92.0,11.028326749801636,116,2026-02-20 08:04:26,2026-02-20 08:04:26
2000.0,23,10,11.906087875366211,4,4374.191642194758,89778.18517863579,26.351564060352622,109.70738423521682,11.028326749801636,117,2026-02-20 08:04:26,2026-02-20 08:04:26
2000.0,24,3,10.8859281539917,5,1332.7251967513166,73405.89968011176,19.66033788037705,73.9475921318892,6.028326749801636,120,2026-02-20 08:09:17,2026-02-20 08:09:17
2000.0,24,11,12.555858612060547,3,3900.5573075668253,83706.18393757287,25.30956852417117,96.44512454330443,11.028326749801636,124,2026-02-20 08:09:17,2026-02-20 08:09:17
2000.0,24,12,12.613499641418457,1,4668.935251125386,92659.20030131478,27.0,116.0,11.028326749801636,125,2026-02-20 08:09:17,2026-02-20 08:09:17
2000.0,24,18,16.31148338317871,5,20324.248982546756,40810.123353756535,61.44169020912702,2.7530002111636867,16.028326749801636,129,2026-02-20 08:09:17,2026-02-20 08:09:17
2000.0,25,3,9.654322624206543,2,4668.935251125386,84980.40153888185,27.0,99.2282275206693,6.028326749801636,131,2026-02-20 08:14:32,2026-02-20 08:14:32
2000.0,25,9,11.529202461242676,10,-2441.8062421139834,76861.588757628,11.35636871487339,81.49539130732265,11.028326749801636,134,2026-02-20 08:14:32,2026-02-20 08:14:32
2000.0,25,14,19.11610984802246,1,6487.117069307204,51453.54422228946,31.0,26.0,16.028326749801636,136,2026-02-20 08:14:32,2026-02-20 08:14:32
2000.0,25,15,16.18031120300293,2,19164.615107355592,44128.094252684954,58.89049568370645,10.0,16.028326749801636,137,2026-02-20 08:14:32,2026-02-20 08:14:32
2000.0,26,6,18.63193702697754,5,-3026.93293249488,78466.14098520606,10.069089996035418,85.0,16.028326749801636,139,2026-02-20 08:19:24,2026-02-20 08:19:24
2000.0,27,3,6.096395015716553,1,19668.935251125382,39549.688021682145,60.0,0.0,6.028326749801636,141,2026-02-20 08:24:26,2026-02-20 08:24:26
2000.0,27,7,17.427457809448242,2,-6036.5762340890715,78213.35560871735,3.4478747325281978,84.44787473252819,16.028326749801636,142,2026-02-20 08:24:26,2026-02-20 08:24:26
2000.0,27,9,16.069385528564453,2,-3541.124744788207,80297.50347760718,8.9378680089901,89.0,16.028326749801636,144,2026-02-20 08:24:26,2026-02-20 08:24:26
2000.0,27,10,17.356101989746094,2,-2428.48610903075,80755.34410070747,11.385673007656504,90.0,16.028326749801636,145,2026-02-20 08:24:26,2026-02-20 08:24:26
2000.0,28,9,14.521208763122559,6,-5783.216216617422,80432.32432551215,4.005266770965825,89.2944711349378,11.028326749801636,150,2026-02-20 08:29:17,2026-02-20 08:29:17
2000.0,28,11,12.338478088378906,1,5123.48070567084,42296.73176028383,28.0,6.0,11.028326749801636,152,2026-02-20 08:29:17,2026-02-20 08:29:17
2000.0,28,12,14.55652141571045,7,19170.854050706956,39701.96439293578,58.90422135907945,0.3325968985069335,11.028326749801636,153,2026-02-20 08:29:17,2026-02-20 08:29:17
2000.0,29,1,10.584293365478516,3,-6221.782109752278,82357.40465638558,3.040421806069142,93.499166467208,6.028326749801636,154,2026-02-20 08:34:09,2026-02-20 08:34:09
2000.0,29,2,7.834737777709961,6,5134.5343250502865,44977.425896880886,28.024317962634782,11.855081443941463,6.028326749801636,155,2026-02-20 08:34:09,2026-02-20 08:34:09
2000.0,29,4,8.64969253540039,1,13305.29888748902,56947.631699492835,46.0,38.0,6.028326749801636,157,2026-02-20 08:34:09,2026-02-20 08:34:09
2000.0,29,7,7.035541534423828,4,22144.66099908521,66883.27323572761,65.4465966455116,59.70109211575698,6.028326749801636,158,2026-02-20 08:34:09,2026-02-20 08:34:09
2000.0,29,14,19.504146575927734,5,19990.80475028725,39741.57286463799,60.70811289815611,0.4191083824246237,16.028326749801636,162,2026-02-20 08:34:09,2026-02-20 08:34:09
2000.0,30,6,7.050612926483154,6,22329.306307956213,67517.40032754332,65.85281632502782,61.08613105686645,6.028326749801636,163,2026-02-20 08:39:11,2026-02-20 08:39:11
2000.0,30,8,13.909892082214355,1,4214.38979657993,63357.400422896775,26.0,52.0,11.028326749801636,164,2026-02-20 08:39:11,2026-02-20 08:39:11
2000.0,30,9,11.105690002441406,1,5123.48070567084,47790.81923748721,28.0,18.0,11.028326749801636,165,2026-02-20 08:39:11,2026-02-20 08:39:11
2000.0,30,16,15.553984642028809,16,12698.048783607885,39854.07408164459,44.6640497714615,0.6648297346384192,16.028326749801636,169,2026-02-20 08:39:11,2026-02-20 08:39:11
2000.0,30,17,23.479061126708984,21,19840.601162333813,40192.40264621862,60.377665004658546,1.403795539557673,16.028326749801636,170,2026-02-20 08:39:11,2026-02-20 08:39:11
2000.0,31,2,7.5,1,3759.8443420344756,51911.38484538974,25.0,27.0,6.028326749801636,172,2026-02-20 08:44:16,2026-02-20 08:44:16
2000.0,31,3,6.9826202392578125,2,4050.9811418851714,65353.35617992584,25.64050095967153,56.359499040328465,6.028326749801636,173,2026-02-20 08:44:16,2026-02-20 08:44:16
2000.0,31,4,6.049030303955078,2,4653.766873680194,39549.688021682145,26.96662956962058,0.0,6.028326749801636,174,2026-02-20 08:44:16,2026-02-20 08:44:16
2000.0,31,17,11.676352500915527,2,13435.46437098297,64730.92229219762,46.28636406368669,55.0,11.028326749801636,182,2026-02-20 08:44:16,2026-02-20 08:44:16
2000.0,31,18,15.345531463623047,2,14214.389796579931,62543.446035775356,48.0,50.222188364130524,11.028326749801636,183,2026-02-20 08:44:16,2026-02-20 08:44:16
2000.0,31,20,15.3060302734375,1,22396.207978398113,69309.32852320043,66.0,65.0,11.028326749801636,185,2026-02-20 08:44:16,2026-02-20 08:44:16
2000.0,31,22,19.568452835083008,168,15297.424454456152,40907.05140116872,50.38267624732769,2.9647071731974077,16.028326749801636,186,2026-02-20 08:44:16,2026-02-20 08:44:16
